,tourney_name,tourney_date,round,minutes,score,winner_name,loser_name,NBI,comeback_score,avg_set_margin,tiebreaks_count,lead_changes,bp_saved_ratio,bp_total
0,Wimbledon,20190701,F,297.0,7-6(5) 1-6 7-6(4) 4-6 13-12(3),Novak Djokovic,Roger Federer,0.9320333333333333,2,1.25,4,5,0.5238095238095238,21.0
1,Roland Garros,20250526,F,329.0,4-6 6-7(4) 6-4 7-6(3) 7-6(2),Carlos Alcaraz,Jannik Sinner,0.8757850574712643,4,1.25,4,1,0.5172413793103449,29.0
2,US Open,19920831,SF,326.0,6-7(3) 7-5 7-6(3) 5-7 6-4,Stefan Edberg,Michael Chang,0.817979748427673,2,1.5,4,4,0.5818181818181818,55.0
3,Australian Open,20050117,SF,268.0,5-7 6-4 5-7 7-6(6) 9-7,Marat Safin,Roger Federer,0.8159324598183089,2,1.75,5,4,0.7037037037037037,27.0
4,Australian Open,20120116,F,353.0,5-7 6-4 6-2 6-7(5) 7-5,Novak Djokovic,Rafael Nadal,0.8125227019835509,2,1.75,4,4,0.5769230769230769,26.0
5,Wimbledon,20130624,SF,283.0,7-5 4-6 7-6(2) 6-7(6) 6-3,Novak Djokovic,Juan Martin del Potro,0.799047730380093,2,1.5,3,5,0.7727272727272727,22.0
6,Wimbledon,20090622,F,256.0,5-7 7-6(6) 7-6(5) 3-6 16-14,Roger Federer,Andy Roddick,0.7951618608148756,2,1.5,5,4,0.75,12.0
7,Roland Garros,20190527,SF,253.0,6-2 3-6 7-5 5-7 7-5,Dominic Thiem,Novak Djokovic,0.780101738808731,2,2.25,4,5,0.5294117647058824,34.0
8,Roland Garros,20130527,SF,277.0,6-4 3-6 6-1 6-7(3) 9-7,Rafael Nadal,Novak Djokovic,0.7743999119496855,2,2.0,3,5,0.48,25.0
9,Wimbledon,20180702,SF,396.0,7-6(6) 6-7(5) 6-7(9) 6-4 26-24,Kevin Anderson,John Isner,0.7679375,2,1.25,5,2,0.625,16.0
10,Wimbledon,20140623,F,236.0,6-7(7) 6-4 7-6(4) 5-7 6-4,Novak Djokovic,Roger Federer,0.761734748427673,2,1.5,3,4,0.6818181818181818,22.0
11,Australian Open,20130114,SF,240.0,6-4 6-7(5) 6-3 6-7(2) 6-2,Andy Murray,Roger Federer,0.7615028301886791,2,1.75,2,5,0.6363636363636364,22.0
12,Australian Open,20220117,F,324.0,2-6 6-7(5) 6-4 6-4 7-5,Rafael Nadal,Daniil Medvedev,0.7611403301886792,4,1.75,3,1,0.7045454545454546,44.0
13,Wimbledon,19800623,F,198.0,1-6 7-5 6-3 6-7 8-6,Bjorn Borg,John McEnroe,0.7421792452830188,2,2.0,4,4,0.6956521739130435,0.0
14,Roland Garros,20170529,SF,274.0,6-7(6) 6-3 5-7 7-6(3) 6-1,Stan Wawrinka,Andy Murray,0.7417887276245767,2,1.75,3,4,0.46153846153846156,26.0
15,Wimbledon,20070625,F,225.0,7-6(7) 4-6 7-6(3) 2-6 6-2,Roger Federer,Rafael Nadal,0.7385555610724925,2,2.0,2,5,0.631578947368421,19.0
16,Australian Open,20090119,F,259.0,7-5 3-6 7-6(3) 3-6 6-2,Rafael Nadal,Roger Federer,0.7361823270440251,2,2.25,2,5,0.6285714285714286,35.0
17,Australian Open,19851125,SF,208.8,6-7 7-5 6-1 4-6 9-7,Stefan Edberg,Ivan Lendl,0.7297809680065629,2,1.75,4,4,0.6956521739130435,0.0
18,Australian Open,20170116,SF,296.0,6-3 5-7 7-6(5) 6-7(4) 6-4,Rafael Nadal,Grigor Dimitrov,0.7247206208216648,2,1.5,3,5,0.6896551724137931,29.0
19,Wimbledon,19830620,SF,226.8,6-7 6-4 7-6 6-7 8-6,Chris Lewis,Kevin Curren,0.7222608695652174,2,1.25,5,4,0.6956521739130435,0.0
20,Australian Open,20090119,SF,310.0,6-7(4) 6-4 7-6(2) 6-7(1) 6-4,Rafael Nadal,Fernando Verdasco,0.7085905797101449,2,1.25,3,4,0.75,24.0
21,Wimbledon,20180702,SF,315.0,6-4 3-6 7-6(9) 3-6 10-8,Novak Djokovic,Rafael Nadal,0.7066660103910309,2,2.0,3,5,0.7333333333333333,30.0
22,US Open,20100830,SF,224.0,5-7 6-1 5-7 6-2 7-5,Novak Djokovic,Roger Federer,0.7054706719629261,2,2.5,4,4,0.5263157894736842,19.0
23,US Open,20200831,F,242.0,2-6 4-6 6-4 6-3 7-6(6),Dominic Thiem,Alexander Zverev,0.7034412042305083,4,2.0,2,1,0.5161290322580645,31.0
24,US Open,19840828,SF,191.25,6-4 4-6 7-5 4-6 6-3,John McEnroe,Jimmy Connors,0.7025667452830189,2,2.0,1,5,0.6956521739130435,0.0
25,US Open,19880829,F,191.25,6-4 4-6 6-3 5-7 6-4,Mats Wilander,Ivan Lendl,0.7025667452830189,2,2.0,1,5,0.6956521739130435,0.0
26,Wimbledon,19820621,F,194.4,3-6 6-3 6-7 7-6 6-4,Jimmy Connors,John McEnroe,0.7017528301886793,2,1.75,2,4,0.6956521739130435,0.0
27,Wimbledon,19730625,SF,241.20000000000002,8-9 9-7 5-7 6-4 7-5,Jan Kodes,Roger Taylor,0.6991763740771124,2,1.75,5,4,0.6956521739130435,0.0
28,Australian Open,20240115,SF,258.0,5-7 3-6 7-6(4) 7-6(5) 6-3,Daniil Medvedev,Alexander Zverev,0.6950054245283019,4,1.75,3,1,0.625,24.0
29,Australian Open,20150119,SF,210.0,7-6(1) 3-6 6-4 4-6 6-0,Novak Djokovic,Stan Wawrinka,0.6948252452830188,2,2.0,1,5,0.52,25.0
30,US Open,20090831,F,246.0,3-6 7-6(5) 4-6 7-6(4) 6-2,Juan Martin del Potro,Roger Federer,0.6946934239407578,2,1.75,2,4,0.7297297297297297,37.0
31,Australian Open,19700119,SF,237.6,6-3 9-11 8-6 3-6 8-6,Dick Crealy,Roger Taylor,0.6855701394585727,2,2.25,4,5,0.6956521739130435,0.0
32,US Open,20110829,SF,231.0,6-7(7) 4-6 6-3 6-2 7-5,Novak Djokovic,Roger Federer,0.685399833518313,4,2.0,3,1,0.47058823529411764,17.0
33,Roland Garros,19840528,F,210.12,3-6 2-6 6-4 7-5 7-5,Ivan Lendl,John McEnroe,0.6803556603773585,4,2.25,3,1,0.6956521739130435,0.0
34,Wimbledon,20080623,F,288.0,6-4 6-4 6-7(5) 6-7(8) 9-7,Rafael Nadal,Roger Federer,0.6726475689404934,1,1.5,4,2,0.8076923076923077,26.0
35,Wimbledon,19770620,SF,183.6,6-4 3-6 6-3 3-6 8-6,Bjorn Borg,Vitas Gerulaitis,0.6642393765381462,2,2.5,2,5,0.6956521739130435,0.0
36,Wimbledon,19950626,SF,153.0,7-6(7) 4-6 6-3 4-6 6-3,Pete Sampras,Goran Ivanisevic,0.6499771376285732,2,2.0,1,5,0.6153846153846154,13.0
37,Wimbledon,19960624,SF,229.0,5-7 6-4 6-7(6) 6-3 10-8,MaliVai Washington,Todd Martin,0.6492742001640689,2,1.75,4,4,0.4166666666666667,12.0
38,Wimbledon,19860623,SF,190.8,6-2 6-7 6-3 6-7 6-4,Ivan Lendl,Slobodan Zivojinovic,0.6489155045118951,2,1.75,2,5,0.6956521739130435,0.0
39,Wimbledon,20230703,F,283.0,1-6 7-6(6) 6-1 3-6 6-4,Carlos Alcaraz,Novak Djokovic,0.6468810395856456,2,2.75,1,4,0.7058823529411765,34.0
40,Wimbledon,19750623,SF,219.6,5-7 6-4 7-5 8-9 6-4,Arthur Ashe,Tony Roche,0.6433502871205907,2,1.75,3,4,0.6956521739130435,0.0
41,Australian Open,19741226,SF,208.8,6-4 4-6 6-4 2-6 11-9,John Newcombe,Tony Roche,0.6412863002461034,2,2.0,2,5,0.6956521739130435,0.0
42,Australian Open,20120116,SF,290.0,6-3 3-6 6-7(4) 6-1 7-5,Novak Djokovic,Andy Murray,0.6397109937106918,2,2.25,3,2,0.64,50.0
43,US Open,19840828,SF,202.5,3-6 6-3 6-4 6-7 7-6,Ivan Lendl,Pat Cash,0.6371546349466777,2,1.75,3,4,0.6956521739130435,0.0
44,Roland Garros,19810525,SF,206.0,3-6 6-4 4-6 7-6 6-2,Ivan Lendl,Jose-Luis Clerc,0.6338989882417283,2,2.0,1,4,0.6956521739130435,0.0
45,Australian Open,20160118,SF,243.0,4-6 7-5 6-7(4) 6-4 6-2,Andy Murray,Milos Raonic,0.6337633305988516,2,1.75,2,4,0.7727272727272727,22.0
46,Wimbledon,19790625,F,172.8,6-7 6-1 3-6 6-3 6-4,Bjorn Borg,Roscoe Tanner,0.6326056603773585,2,2.25,1,4,0.6956521739130435,0.0
47,Australian Open,19811224,SF,183.6,7-6 6-7 6-1 3-6 6-3,Steve Denton,Henry Pfister,0.6321558654634948,2,2.0,2,5,0.6956521739130435,0.0
48,Australian Open,19821202,SF,183.6,6-4 4-6 6-3 3-6 7-6,Steve Denton,Henry Pfister,0.6321558654634948,2,2.0,2,5,0.6956521739130435,0.0
49,US Open,20130826,SF,249.0,2-6 7-6(4) 3-6 6-3 6-4,Novak Djokovic,Stan Wawrinka,0.6320419959831407,2,2.25,1,4,0.6551724137931034,29.0
50,Wimbledon,20000626,SF,198.0,7-5 4-6 7-5 4-6 6-3,Patrick Rafter,Andre Agassi,0.6278080393765382,2,2.0,2,5,0.5714285714285714,21.0
51,Australian Open,19880111,SF,165.0,6-0 6-7 6-3 3-6 6-1,Mats Wilander,Stefan Edberg,0.6265349056603773,2,3.0,1,5,0.6956521739130435,0.0
52,Roland Garros,20090525,SF,209.0,3-6 7-6(2) 2-6 6-1 6-4,Roger Federer,Juan Martin del Potro,0.6264874088050313,2,2.5,1,4,0.64,25.0
53,Roland Garros,20210531,F,251.0,6-7(6) 2-6 6-3 6-2 6-4,Novak Djokovic,Stefanos Tsitsipas,0.6233487421383648,4,2.5,1,1,0.6666666666666666,24.0
54,US Open,19980831,SF,187.5,6-7(8) 6-4 2-6 6-4 6-3,Patrick Rafter,Pete Sampras,0.6229209119496855,2,2.0,1,4,0.3333333333333333,9.0
55,US Open,19680829,F,234.0,14-12 5-7 6-3 3-6 6-3,Arthur Ashe,Tom Okker,0.6221148482362593,2,2.5,2,5,0.6956521739130435,0.0
56,US Open,19800826,SF,187.5,6-4 5-7 0-6 6-3 7-6,John McEnroe,Jimmy Connors,0.618204245283019,2,2.0,3,2,0.6956521739130435,0.0
57,Australian Open,20140113,SF,211.0,6-3 6-7(1) 7-6(3) 7-6(4),Stan Wawrinka,Tomas Berdych,0.6176856289308178,0,1.5,3,2,0.8,5.0
58,Australian Open,20180115,F,183.0,6-2 6-7(5) 6-3 3-6 6-1,Roger Federer,Marin Cilic,0.6170124692370796,2,2.75,1,5,0.6363636363636364,22.0
59,Australian Open,20000117,SF,175.0,6-4 3-6 6-7(0) 7-6(5) 6-1,Andre Agassi,Pete Sampras,0.6125194968553459,2,1.75,2,2,0.8181818181818182,22.0
60,US Open,20220829,SF,259.0,6-7(6) 6-3 6-1 6-7(5) 6-3,Carlos Alcaraz,Frances Tiafoe,0.6086872664296783,2,2.0,2,4,0.5555555555555556,27.0
61,Australian Open,19910114,SF,242.0,6-4 5-7 3-6 7-6(3) 6-4,Ivan Lendl,Stefan Edberg,0.6082361635220126,2,1.75,2,2,0.45454545454545453,22.0
62,Wimbledon,19980622,F,172.0,6-7(2) 7-6(9) 6-4 3-6 6-2,Pete Sampras,Goran Ivanisevic,0.6054517363959531,2,1.75,2,4,0.7391304347826086,23.0
63,US Open,19800826,F,206.25,7-6 6-1 6-7 5-7 6-4,John McEnroe,Bjorn Borg,0.6010639150943397,1,1.5,3,2,0.6956521739130435,0.0
64,Australian Open,20010115,SF,248.0,5-7 2-6 7-6(4) 7-5 6-2,Arnaud Clement,Sebastien Grosjean,0.5998980380092973,4,2.25,3,1,0.625,32.0
65,Wimbledon,19770620,F,165.6,3-6 6-2 6-1 5-7 6-4,Bjorn Borg,Jimmy Connors,0.5970584905660378,2,2.75,1,4,0.6956521739130435,0.0
66,US Open,19790828,SF,180.0,3-6 2-6 7-6 6-3 6-3,Vitas Gerulaitis,Roscoe Tanner,0.5963320754716982,4,2.5,1,1,0.6956521739130435,0.0
67,US Open,20210830,SF,214.0,4-6 6-2 6-4 4-6 6-2,Novak Djokovic,Alexander Zverev,0.5948987421383648,2,2.5,0,4,0.5714285714285714,21.0
68,Wimbledon,19890626,SF,187.20000000000002,7-5 6-7 2-6 6-4 6-3,Boris Becker,Ivan Lendl,0.5904792452830189,2,2.0,2,2,0.6956521739130435,0.0
69,US Open,19850827,SF,176.25,3-6 6-4 4-6 6-3 6-3,John McEnroe,Mats Wilander,0.5901695754716981,2,2.5,0,4,0.6956521739130435,0.0
70,Roland Garros,19760531,SF,201.88,6-7 6-0 4-6 6-4 6-4,Harold Solomon,Raul Ramirez,0.5889299972655182,2,1.75,1,4,0.6956521739130435,0.0
71,US Open,19990830,F,203.0,6-4 6-7(5) 6-7(2) 6-3 6-2,Andre Agassi,Todd Martin,0.5889198568954517,2,1.75,2,2,0.7222222222222222,18.0
72,Roland Garros,20110522,SF,219.0,7-6(5) 6-3 3-6 7-6(5),Roger Federer,Novak Djokovic,0.588849640019861,0,2.0,2,2,0.7894736842105263,38.0
73,Wimbledon,19910624,SF,188.0,4-6 7-6(5) 7-6(5) 7-6(2),Michael Stich,Stefan Edberg,0.5870333333333333,0,1.25,3,1,0.9090909090909091,11.0
74,US Open,20030825,SF,211.0,6-7(4) 3-6 7-6(7) 6-1 6-3,Andy Roddick,David Nalbandian,0.5862681843040745,4,2.0,2,1,0.75,20.0
75,Australian Open,20020114,SF,220.0,6-7(5) 7-6(4) 3-6 6-0 6-2,Marat Safin,Tommy Haas,0.5850127258576808,2,2.25,2,4,0.6153846153846154,26.0
76,US Open,20050829,SF,164.0,6-4 5-7 6-3 4-6 6-3,Andre Agassi,Robby Ginepri,0.5837865312626705,2,2.25,1,5,0.6551724137931034,29.0
77,Wimbledon,19920622,F,170.0,6-7(8) 6-4 6-4 1-6 6-4,Andre Agassi,Goran Ivanisevic,0.5824807219031993,2,1.75,1,4,0.7619047619047619,21.0
78,Wimbledon,20010625,SF,180.0,2-6 6-3 3-6 6-2 8-6,Patrick Rafter,Andre Agassi,0.5816882793273175,2,3.0,2,4,0.625,24.0
79,Australian Open,20240115,F,224.0,3-6 3-6 6-4 6-4 6-3,Jannik Sinner,Daniil Medvedev,0.5802820754716982,4,2.5,0,1,0.6190476190476191,21.0
80,Wimbledon,19740624,SF,205.20000000000002,6-8 4-6 9-8 6-1 6-3,Ken Rosewall,Stan Smith,0.5799819524200165,4,2.0,2,1,0.6956521739130435,0.0
81,US Open,19690827,SF,187.20000000000002,3-6 6-4 4-6 6-3 8-6,Tony Roche,John Newcombe,0.5793092698933553,2,2.25,2,4,0.6956521739130435,0.0
82,Roland Garros,20070528,SF,181.0,7-5 7-6(5) 7-6(7),Roger Federer,Nikolay Davydenko,0.5787496036425577,0,1.3333333333333333,3,0,0.78125,32.0
83,Australian Open,19880111,F,195.0,6-3 6-7 3-6 6-1 8-6,Mats Wilander,Pat Cash,0.5787488925348647,2,2.25,3,2,0.6956521739130435,0.0
84,Wimbledon,20160627,SF,204.0,6-3 6-7(3) 4-6 7-5 6-3,Milos Raonic,Roger Federer,0.5773507358973123,2,2.0,2,2,0.7647058823529411,17.0
85,Wimbledon,19720626,F,180.0,4-6 6-3 6-3 4-6 7-5,Stan Smith,Ilie Nastase,0.5767005742411814,2,2.25,2,4,0.6956521739130435,0.0
86,US Open,19750827,SF,193.64000000000001,4-6 1-6 6-2 7-5 6-4,Manuel Orantes,Guillermo Vilas,0.5758408258135085,4,2.5,1,1,0.6956521739130435,0.0
87,US Open,20190826,F,290.0,7-5 6-3 5-7 4-6 6-4,Rafael Nadal,Daniil Medvedev,0.5757056341719078,1,2.0,2,2,0.6944444444444444,36.0
88,Wimbledon,20010625,F,182.0,6-3 3-6 6-3 2-6 9-7,Goran Ivanisevic,Patrick Rafter,0.5740581077385836,2,2.75,2,5,0.5,12.0
89,Australian Open,19880111,SF,165.0,6-4 2-6 6-2 4-6 6-2,Pat Cash,Ivan Lendl,0.5728942575881871,2,3.0,0,5,0.6956521739130435,0.0
90,Wimbledon,19970623,SF,180.0,6-7 6-2 6-1 5-7 6-4,Cedric Pioline,Michael Stich,0.571260356849877,2,2.25,2,4,0.625,16.0
91,Roland Garros,19880523,SF,197.76,4-6 6-2 7-5 5-7 6-0,Mats Wilander,Andre Agassi,0.5689844134536506,2,2.5,2,4,0.6956521739130435,0.0
92,Wimbledon,20090622,SF,187.0,6-4 4-6 7-6(7) 7-6(5),Andy Roddick,Andy Murray,0.5680357738583539,0,1.5,2,2,0.6666666666666666,12.0
93,Roland Garros,19810525,F,168.92000000000002,6-1 4-6 6-2 3-6 6-1,Bjorn Borg,Ivan Lendl,0.5680210691823899,2,3.5,0,5,0.6956521739130435,0.0
94,Roland Garros,20240526,SF,195.29999999999998,2-6 6-3 3-6 6-4 6-3,Carlos Alcaraz,Jannik Sinner,0.5645084905660377,2,2.75,0,4,0.5,24.0
95,Roland Garros,19910527,F,205.0,3-6 6-4 2-6 6-1 6-4,Jim Courier,Andre Agassi,0.5570649601791087,2,2.75,0,4,0.65625,32.0
96,Australian Open,20170116,F,217.0,6-4 3-6 6-1 3-6 6-3,Roger Federer,Rafael Nadal,0.5564284563480626,2,2.75,0,5,0.7297297297297297,37.0
97,Wimbledon,19880620,SF,169.20000000000002,4-6 2-6 6-4 6-3 6-4,Stefan Edberg,Miloslav Mecir Sr.,0.5552662838392126,4,2.25,0,1,0.6956521739130435,0.0
98,US Open,19720830,F,180.0,3-6 6-3 6-7 6-4 6-3,Ilie Nastase,Arthur Ashe,0.5527005742411814,2,2.25,1,4,0.6956521739130435,0.0
99,Australian Open,19801226,SF,176.4,6-7 6-4 6-2 2-6 6-4,Kim Warwick,Guillermo Vilas,0.5513962264150944,2,2.25,1,4,0.6956521739130435,0.0
100,US Open,20240826,SF,198.0,4-6 7-5 4-6 6-4 6-1,Taylor Fritz,Frances Tiafoe,0.5486830393765381,2,2.0,1,4,0.375,16.0
101,Wimbledon,20010625,SF,182.0,7-5 6-7(6) 0-6 7-6(5) 6-3,Goran Ivanisevic,Tim Henman,0.5474952146568226,2,1.75,3,2,0.6666666666666666,15.0
102,Australian Open,19821202,SF,205.20000000000002,7-6 7-6 4-6 3-6 7-5,Johan Kriek,Paul McNamee,0.5462838392124694,1,1.5,4,2,0.6956521739130435,0.0
103,Roland Garros,19700525,SF,210.12,6-4 4-6 1-6 7-5 7-5,Zeljko Franulovic,Cliff Richey,0.5457645611156687,2,2.0,3,2,0.6956521739130435,0.0
104,Wimbledon,20250630,SF,169.0,6-4 5-7 6-3 7-6(6),Carlos Alcaraz,Taylor Fritz,0.5420945230607966,0,2.0,2,2,0.5555555555555556,9.0
105,US Open,19810901,SF,180.0,5-7 6-3 6-2 4-6 6-3,John McEnroe,Vitas Gerulaitis,0.5385496308449549,2,2.5,1,4,0.6956521739130435,0.0
106,Roland Garros,19800526,SF,193.64000000000001,6-1 3-6 6-7 6-2 6-4,Vitas Gerulaitis,Jimmy Connors,0.5330154088050315,2,2.5,1,2,0.6956521739130435,0.0
107,US Open,19730829,SF,183.6,7-5 6-7 1-6 6-1 7-5,Jan Kodes,Stan Smith,0.531853978671042,2,2.5,4,2,0.6956521739130435,0.0
108,Roland Garros,19680527,SF,197.76,3-6 6-3 7-5 3-6 6-3,Ken Rosewall,Andres Gimeno,0.5308334700574242,2,2.75,1,4,0.6956521739130435,0.0
109,Australian Open,20200120,F,239.0,6-4 4-6 2-6 6-3 6-4,Novak Djokovic,Dominic Thiem,0.5306431603773585,2,2.25,0,2,0.5833333333333334,24.0
110,US Open,19950828,SF,172.5,7-6(4) 7-6(2) 4-6 6-4,Andre Agassi,Boris Becker,0.5299534984276729,0,1.5,2,2,0.8095238095238095,21.0
111,Roland Garros,19930524,F,181.28,6-4 2-6 6-2 3-6 6-3,Sergi Bruguera,Jim Courier,0.5291462947771398,2,3.0,0,5,0.7272727272727273,33.0
112,US Open,20120827,F,294.0,7-6(10) 7-5 2-6 3-6 6-2,Andy Murray,Novak Djokovic,0.5289487421383648,1,2.5,2,2,0.5151515151515151,33.0
113,Wimbledon,20160627,F,168.0,6-4 7-6(3) 7-6(2),Andy Murray,Milos Raonic,0.5276683255856349,0,1.3333333333333333,2,0,0.8888888888888888,9.0
114,Australian Open,20060116,SF,207.0,3-6 5-7 6-3 6-4 6-4,Marcos Baghdatis,David Nalbandian,0.5274179655455291,4,2.25,1,1,0.5,30.0
115,Australian Open,19690120,SF,324.0,7-5 22-20 9-11 1-6 6-3,Rod Laver,Tony Roche,0.5228744872846596,1,2.25,3,2,0.6956521739130435,0.0
116,Australian Open,20200120,SF,222.0,3-6 6-4 7-6(3) 7-6(4),Dominic Thiem,Alexander Zverev,0.5209961853978671,0,1.75,2,1,0.6086956521739131,23.0
117,Roland Garros,20150524,SF,249.0,6-3 6-3 5-7 5-7 6-1,Novak Djokovic,Andy Murray,0.5184820754716981,1,2.5,2,2,0.6086956521739131,23.0
118,Wimbledon,19950626,SF,175.0,2-6 7-6(1) 6-4 7-6(1),Boris Becker,Andre Agassi,0.5179134119496855,0,2.0,2,1,0.7666666666666667,30.0
119,US Open,19860826,SF,176.25,4-6 6-3 6-4 3-6 6-3,Miloslav Mecir Sr.,Boris Becker,0.513190935192781,2,2.5,0,4,0.6956521739130435,0.0
120,US Open,20000828,SF,156.0,7-6(7) 6-4 7-6(5),Pete Sampras,Lleyton Hewitt,0.5121684222039925,0,1.3333333333333333,2,0,0.8,15.0
121,Australian Open,20230116,F,176.0,6-3 7-6(4) 7-6(5),Novak Djokovic,Stefanos Tsitsipas,0.5121433307127882,0,1.6666666666666667,2,0,0.625,8.0
122,Australian Open,20040119,SF,222.0,7-6(6) 7-6(6) 5-7 1-6 6-3,Marat Safin,Andre Agassi,0.5068546349466776,1,1.75,3,2,0.6,15.0
123,Wimbledon,19810622,SF,147.6,0-6 4-6 6-3 6-0 6-4,Bjorn Borg,Jimmy Connors,0.506411320754717,4,3.25,0,1,0.6956521739130435,0.0
124,Wimbledon,20150629,F,176.0,7-6(1) 6-7(10) 6-4 6-3,Novak Djokovic,Roger Federer,0.506325379208287,0,1.75,2,2,0.7058823529411765,17.0
125,Australian Open,19841126,SF,169.20000000000002,2-6 4-6 6-3 6-4 6-4,Kevin Curren,Ben Testerman,0.5047875307629205,4,2.25,0,1,0.6956521739130435,0.0
126,Roland Garros,20040524,F,211.0,0-6 3-6 6-4 6-1 8-6,Gaston Gaudio,Guillermo Coria,0.5043354633507476,4,3.0,2,1,0.42105263157894735,38.0
127,Wimbledon,19700622,F,162.0,5-7 6-3 6-2 3-6 6-1,John Newcombe,Ken Rosewall,0.5037260049220673,2,3.0,1,4,0.6956521739130435,0.0
128,Wimbledon,19980622,SF,202.0,6-3 6-4 5-7 6-7(5) 15-13,Goran Ivanisevic,Richard Krajicek,0.4994082581350834,1,1.75,4,2,0.2857142857142857,7.0
129,Roland Garros,20110522,F,220.0,7-5 7-6(3) 5-7 6-1,Rafael Nadal,Roger Federer,0.49864540880503144,0,2.5,3,2,0.6,30.0
130,Wimbledon,20140623,SF,182.0,6-4 3-6 7-6(2) 7-6(7),Novak Djokovic,Grigor Dimitrov,0.49847091798163073,0,1.75,2,2,0.6470588235294118,17.0
131,Roland Garros,19700525,SF,185.4,2-6 6-2 5-7 6-2 6-3,Jan Kodes,Georges Goven,0.4980533223954062,2,3.25,1,4,0.6956521739130435,0.0
132,Roland Garros,20000529,F,224.0,6-2 6-3 2-6 7-6(6),Gustavo Kuerten,Magnus Norman,0.495264072327044,0,3.0,1,2,0.75,48.0
133,Roland Garros,20000529,SF,218.0,7-5 4-6 2-6 6-4 6-3,Gustavo Kuerten,Juan Carlos Ferrero,0.49487908254800345,2,2.25,1,2,0.8048780487804879,41.0
134,US Open,20200831,SF,176.0,6-2 7-6(7) 7-6(5),Dominic Thiem,Daniil Medvedev,0.4941348008385744,0,2.0,2,0,0.6666666666666666,18.0
135,Australian Open,20110117,SF,226.0,4-6 7-6(2) 6-1 7-6(2),Andy Murray,David Ferrer,0.49287275560333044,0,2.25,2,1,0.6206896551724138,29.0
136,Australian Open,19940117,SF,180.0,3-6 7-6(7) 7-6(7) 7-6(4),Todd Martin,Stefan Edberg,0.4920925348646432,0,1.5,3,1,0.6,25.0
137,Roland Garros,19950529,SF,148.32,6-4 7-6(5) 7-6(0),Michael Chang,Sergi Bruguera,0.4891305023403948,0,1.3333333333333333,2,0,0.5882352941176471,17.0
138,Roland Garros,19740603,F,168.92000000000002,2-6 6-7 6-0 6-1 6-1,Bjorn Borg,Manuel Orantes,0.48815846322121975,4,3.75,1,1,0.6956521739130435,0.0
139,US Open,19710901,SF,183.6,7-6 3-6 4-6 6-3 6-4,Jan Kodes,Arthur Ashe,0.4881558654634947,2,2.0,1,2,0.6956521739130435,0.0
140,Roland Garros,19720522,SF,177.16,4-6 6-3 6-1 2-6 6-3,Andres Gimeno,Alex Metreveli,0.4852187585452557,2,3.0,0,4,0.6956521739130435,0.0
141,Roland Garros,20250526,SF,151.9,6-4 7-5 7-6(3),Jannik Sinner,Novak Djokovic,0.48304360860450285,0,1.6666666666666667,2,0,0.7333333333333333,15.0
142,US Open,20200831,SF,203.0,3-6 2-6 6-3 6-4 6-3,Alexander Zverev,Pablo Carreno Busta,0.48177206654865223,4,2.75,0,1,0.6052631578947368,38.0
143,Australian Open,20020114,SF,171.0,7-6(5) 0-6 4-6 6-3 6-4,Thomas Johansson,Jiri Novak,0.48135876401421934,2,2.0,1,2,0.6666666666666666,21.0
144,Roland Garros,19990524,SF,179.0,7-5 3-6 6-4 7-6(6),Andrei Medvedev,Fernando Meligeni,0.48126274952146575,0,2.0,2,2,0.625,40.0
145,Roland Garros,19990524,F,172.0,1-6 2-6 6-4 6-3 6-4,Andre Agassi,Andrei Medvedev,0.48055256639161,4,2.75,0,1,0.7352941176470589,34.0
146,Australian Open,19741226,F,158.4,7-5 3-6 6-4 7-6,John Newcombe,Jimmy Connors,0.4799792452830189,0,2.0,2,2,0.6956521739130435,0.0
147,Roland Garros,19960527,F,152.0,7-6(4) 7-5 7-6(4),Yevgeny Kafelnikov,Michael Stich,0.47809219761188587,0,1.3333333333333333,3,0,0.6818181818181818,22.0
148,Australian Open,20010115,SF,187.0,7-5 2-6 6-7(5) 6-2 6-3,Andre Agassi,Patrick Rafter,0.4777206453377086,2,2.5,2,2,0.6,15.0
149,Roland Garros,19890529,SF,197.76,6-3 6-4 5-7 3-6 6-2,Stefan Edberg,Boris Becker,0.47723207547169816,1,2.5,1,2,0.6956521739130435,0.0
150,US Open,20150831,F,201.0,6-4 5-7 6-4 6-4,Novak Djokovic,Roger Federer,0.47691952306079666,0,2.0,1,2,0.7222222222222222,36.0
151,Australian Open,20080114,SF,146.0,7-5 6-3 7-6(5),Novak Djokovic,Roger Federer,0.4762531341719077,0,2.0,2,0,0.7,20.0
152,Australian Open,19870112,SF,172.8,7-6 5-7 7-6 6-4,Pat Cash,Ivan Lendl,0.4761968826907302,0,1.5,3,2,0.6956521739130435,0.0
153,Roland Garros,20240526,F,190.95999999999998,6-3 2-6 5-7 6-1 6-2,Carlos Alcaraz,Alexander Zverev,0.47597029511369127,2,3.25,1,2,0.6153846153846154,39.0
154,Roland Garros,20150524,SF,226.0,6-3 6-7(1) 7-6(3) 6-4,Stan Wawrinka,Jo-Wilfried Tsonga,0.4759499248017501,0,1.75,2,2,0.875,32.0
155,Wimbledon,20050620,SF,179.0,6-7(6) 6-2 7-6(10) 7-6(5),Andy Roddick,Thomas Johansson,0.4740664706954699,0,1.75,3,1,0.5555555555555556,9.0
156,Australian Open,19930118,SF,131.25,7-6(5) 6-3 7-6(3),Stefan Edberg,Pete Sampras,0.47402319182389935,0,1.6666666666666667,2,0,0.5454545454545454,11.0
157,Wimbledon,19710621,F,176.4,6-3 5-7 2-6 6-4 6-4,John Newcombe,Stan Smith,0.4713962264150943,2,2.25,1,2,0.6956521739130435,0.0
158,US Open,20160829,F,234.0,6-7(1) 6-4 7-5 6-3,Stan Wawrinka,Novak Djokovic,0.47078757861635223,0,2.0,2,1,0.6666666666666666,27.0
159,Wimbledon,19810622,F,165.6,4-6 7-6 7-6 6-4,John McEnroe,Bjorn Borg,0.47027641509433965,0,1.5,2,1,0.6956521739130435,0.0
160,Roland Garros,20090525,SF,208.0,6-3 7-5 5-7 4-6 6-4,Robin Soderling,Fernando Gonzalez,0.46671122778233526,1,2.0,2,2,0.64,25.0
161,Wimbledon,19680624,SF,208.8,9-7 8-10 6-4 8-6,Tony Roche,Clark Graebner,0.46419934372436433,0,2.0,3,2,0.6956521739130435,0.0
162,Australian Open,20120116,SF,222.0,6-7(5) 6-2 7-6(5) 6-4,Rafael Nadal,Roger Federer,0.46340232220609584,0,2.0,2,1,0.6538461538461539,26.0
163,Roland Garros,20050523,SF,209.0,6-3 5-7 2-6 6-4 6-4,Mariano Puerta,Nikolay Davydenko,0.46172593656002187,2,2.25,1,2,0.4166666666666667,24.0
164,US Open,20090831,SF,154.0,7-6(3) 7-5 7-5,Roger Federer,Novak Djokovic,0.4614256490888566,0,1.6666666666666667,3,0,0.6923076923076923,13.0
165,Australian Open,19791224,SF,169.20000000000002,7-5 3-6 7-6 7-6,Guillermo Vilas,Victor Amaya,0.46041550451189506,0,1.75,3,2,0.6956521739130435,0.0
166,US Open,19760901,F,173.04,6-4 3-6 7-6 6-4,Jimmy Connors,Bjorn Borg,0.46000424528301886,0,2.0,1,2,0.6956521739130435,0.0
167,Australian Open,20100118,F,161.0,6-3 6-4 7-6(11),Roger Federer,Andy Murray,0.45906980083857446,0,2.0,1,0,0.7,20.0
168,Australian Open,20130114,F,220.0,6-7(2) 7-6(3) 6-3 6-2,Novak Djokovic,Andy Murray,0.4590289937106918,0,2.25,2,1,0.8,15.0
169,Wimbledon,20230703,SF,167.0,6-3 6-4 7-6(4),Novak Djokovic,Jannik Sinner,0.457212418193419,0,2.0,1,0,0.8666666666666667,15.0
170,Wimbledon,19930621,F,158.4,7-6(3) 7-6(6) 3-6 6-3,Pete Sampras,Jim Courier,0.4563292452830188,0,2.0,2,2,0.42857142857142855,7.0
171,US Open,20100830,F,223.0,6-4 5-7 6-4 6-2,Rafael Nadal,Novak Djokovic,0.45600032259813494,0,2.5,1,2,0.7241379310344828,29.0
172,Roland Garros,20030526,SF,160.0,7-6(4) 6-4 7-6(0),Martin Verkerk,Guillermo Coria,0.45592311548628206,0,1.3333333333333333,2,0,0.6428571428571429,14.0
173,Roland Garros,19870525,F,173.04,7-5 6-2 3-6 7-6,Ivan Lendl,Mats Wilander,0.4550570754716981,0,2.5,2,2,0.6956521739130435,0.0
174,US Open,20120827,SF,238.0,5-7 6-2 6-1 7-6(7),Andy Murray,Tomas Berdych,0.4540304894722451,0,3.0,2,1,0.6428571428571429,28.0
175,Roland Garros,20200928,SF,234.0,6-3 6-2 5-7 4-6 6-1,Novak Djokovic,Stefanos Tsitsipas,0.4536682859233311,1,2.75,1,2,0.6756756756756757,37.0
176,US Open,19970825,SF,150.0,6-1 3-6 3-6 6-3 7-5,Greg Rusedski,Jonas Bjorkman,0.4529639048400328,2,2.75,2,2,0.6363636363636364,22.0
177,US Open,20050829,SF,178.0,6-3 7-6(0) 4-6 6-3,Roger Federer,Lleyton Hewitt,0.4511264937106918,0,2.25,1,2,0.75,28.0
178,Wimbledon,19890626,SF,136.8,7-5 7-6 7-6,Stefan Edberg,John McEnroe,0.4509765381460214,0,1.3333333333333333,3,0,0.6956521739130435,0.0
179,Australian Open,20110117,SF,180.0,7-6(3) 7-5 6-4,Novak Djokovic,Roger Federer,0.44961069182389934,0,1.6666666666666667,2,0,0.6666666666666666,24.0
180,Australian Open,19791224,SF,165.6,6-4 7-6 6-7 6-4,John Sadri,Colin Dibley,0.44893601312551273,0,1.5,2,2,0.6956521739130435,0.0
181,Australian Open-2,19771219,F,183.6,6-3 7-6 5-7 3-6 6-2,Vitas Gerulaitis,John Lloyd,0.4480049220672683,1,2.25,2,2,0.6956521739130435,0.0
182,US Open,20020826,SF,177.0,6-4 7-6(5) 6-7(1) 6-2,Andre Agassi,Lleyton Hewitt,0.44709959210646255,0,2.0,2,2,0.4444444444444444,27.0
183,US Open,20080825,SF,211.0,6-2 7-6(5) 4-6 6-4,Andy Murray,Rafael Nadal,0.4470318635493574,0,2.25,1,2,0.7391304347826086,23.0
184,US Open,19890828,F,157.5,7-6 1-6 6-3 7-6,Boris Becker,Ivan Lendl,0.44696332547169815,0,2.5,2,2,0.6956521739130435,0.0
185,Roland Garros,20100524,SF,207.0,6-3 3-6 5-7 6-3 6-3,Robin Soderling,Tomas Berdych,0.4468160787530763,2,2.75,1,2,0.6,25.0
186,US Open,20070827,F,144.0,7-6(4) 7-6(2) 6-4,Roger Federer,Novak Djokovic,0.4442004716981132,0,1.3333333333333333,2,0,0.6428571428571429,14.0
187,Australian Open,20160118,F,173.0,6-1 7-5 7-6(3),Novak Djokovic,Andy Murray,0.4437357966457023,0,2.6666666666666665,2,0,0.6111111111111112,18.0
188,Roland Garros,20230529,F,194.0,7-6(1) 6-3 7-5,Novak Djokovic,Casper Ruud,0.441851467505241,0,2.0,2,0,0.7142857142857143,14.0
189,Wimbledon,20040621,F,151.0,4-6 7-5 7-6(3) 6-4,Roger Federer,Andy Roddick,0.4401424135220125,0,1.75,2,1,0.625,24.0
190,Roland Garros,20080525,SF,169.0,6-4 6-2 7-6(3),Rafael Nadal,Novak Djokovic,0.43849974318658275,0,2.3333333333333335,1,0,0.65,20.0
191,US Open,19750827,SF,148.32,7-5 7-5 7-5,Jimmy Connors,Bjorn Borg,0.43607924528301883,0,2.0,3,0,0.6956521739130435,0.0
192,Australian Open,20230116,SF,201.0,7-6(2) 6-4 6-7(6) 6-3,Stefanos Tsitsipas,Karen Khachanov,0.43575246103363413,0,1.75,2,2,0.5,16.0
193,Wimbledon,20170703,SF,176.0,6-7(6) 6-4 7-6(3) 7-5,Marin Cilic,Sam Querrey,0.43390447007350935,0,1.5,3,1,0.6470588235294118,17.0
194,Wimbledon,19850624,F,162.0,6-3 6-7 7-6 6-4,Boris Becker,Kevin Curren,0.43315463494667766,0,1.75,2,2,0.6956521739130435,0.0
195,US Open,19740828,SF,162.0,6-7 6-4 7-6 6-3,Ken Rosewall,John Newcombe,0.43247009844134543,0,1.75,2,1,0.6956521739130435,0.0
196,Roland Garros,20210531,SF,217.0,6-3 6-3 4-6 4-6 6-3,Stefanos Tsitsipas,Alexander Zverev,0.42964923161060986,1,2.5,0,2,0.6,20.0
197,Roland Garros,20060529,SF,169.0,6-4 6-2 7-6(7),Rafael Nadal,Ivan Ljubicic,0.4292422431865828,0,2.3333333333333335,1,0,0.5454545454545454,11.0
198,Wimbledon,19880620,SF,151.20000000000002,6-4 6-3 6-7 6-4,Boris Becker,Ivan Lendl,0.4291236259228878,0,2.0,1,2,0.6956521739130435,0.0
199,US Open,19800826,SF,153.75,4-6 4-6 6-1 6-1 6-1,Bjorn Borg,Johan Kriek,0.4284349876948319,4,3.5,0,1,0.6956521739130435,0.0
200,Wimbledon,20040621,SF,171.0,6-4 4-6 7-5 7-5,Andy Roddick,Mario Ancic,0.4264276045939295,0,2.0,2,2,0.7391304347826086,23.0
201,Australian Open,20150119,F,219.0,7-6(5) 6-7(4) 6-3 6-0,Novak Djokovic,Andy Murray,0.4260309474979492,0,2.75,2,2,0.5,28.0
202,Roland Garros,19970526,SF,174.0,6-7(6) 6-1 7-5 7-6(1),Sergi Bruguera,Patrick Rafter,0.4250381028453003,0,2.25,3,1,0.3157894736842105,19.0
203,US Open,19950828,SF,165.0,7-5 4-6 6-4 7-5,Pete Sampras,Jim Courier,0.4245471698113208,0,2.0,2,2,0.75,16.0
204,Wimbledon,20220627,F,181.0,4-6 6-3 6-4 7-6(3),Novak Djokovic,Nick Kyrgios,0.423943546622915,0,2.0,1,1,0.7,10.0
205,US Open,20220829,F,200.0,6-4 2-6 7-6(1) 6-3,Carlos Alcaraz,Casper Ruud,0.42388140552365333,0,2.5,1,2,0.7142857142857143,21.0
206,Roland Garros,19890529,SF,181.28,6-1 5-7 7-6 7-5,Michael Chang,Andrei Chesnokov,0.42343368881596943,0,2.5,3,2,0.6956521739130435,0.0
207,Wimbledon,20050620,SF,128.0,6-3 6-4 7-6(4),Roger Federer,Lleyton Hewitt,0.4233625786163521,0,2.0,1,0,0.5555555555555556,9.0
208,Wimbledon,20190701,SF,182.0,7-6(3) 1-6 6-3 6-4,Roger Federer,Rafael Nadal,0.4231223794549266,0,2.75,1,2,0.7777777777777778,18.0
209,US Open,20110829,F,250.0,6-2 6-4 6-7(3) 6-1,Novak Djokovic,Rafael Nadal,0.4230676292376131,0,3.0,1,2,0.5609756097560976,41.0
210,US Open,20080825,SF,164.0,6-3 5-7 7-5 6-2,Roger Federer,Novak Djokovic,0.4222845322327044,0,2.75,2,2,0.5625,16.0
211,Australian Open,20080114,F,185.0,4-6 6-4 6-3 7-6(2),Novak Djokovic,Jo-Wilfried Tsonga,0.4216786702375782,0,2.0,1,1,0.6470588235294118,17.0
212,Roland Garros,19890529,F,181.28,6-1 3-6 4-6 6-4 6-2,Michael Chang,Stefan Edberg,0.4208624555646706,2,2.75,0,2,0.6956521739130435,0.0
213,Australian Open,20020114,F,173.0,3-6 6-4 6-4 7-6(4),Thomas Johansson,Marat Safin,0.4203203582171179,0,2.0,1,1,0.7,20.0
214,US Open,19950828,F,153.75,6-4 6-3 4-6 7-5,Pete Sampras,Andre Agassi,0.41976455460812767,0,2.25,1,2,0.5384615384615384,13.0
215,Roland Garros,20070528,F,190.0,6-3 4-6 6-3 6-4,Rafael Nadal,Roger Federer,0.41924226065688336,0,2.5,0,2,0.8148148148148148,27.0
216,Australian Open,19811224,F,158.4,6-2 7-6 6-7 6-4,Johan Kriek,Steve Denton,0.41737325676784254,0,2.0,2,2,0.6956521739130435,0.0
217,Wimbledon,20210628,SF,164.0,7-6(3) 7-5 7-5,Novak Djokovic,Denis Shapovalov,0.4163039832285115,0,1.6666666666666667,3,0,0.8095238095238095,21.0
218,Roland Garros,20110522,SF,197.0,6-4 7-5 6-4,Rafael Nadal,Andy Murray,0.41592673632244537,0,2.0,1,0,0.7096774193548387,31.0
219,US Open,19960826,SF,153.75,6-3 6-4 6-7(9) 6-3,Pete Sampras,Goran Ivanisevic,0.4151962294913864,0,2.25,1,2,0.7,10.0
220,Roland Garros,20120527,F,229.0,6-4 6-3 2-6 7-5,Rafael Nadal,Novak Djokovic,0.414805249825297,0,2.75,1,2,0.4074074074074074,27.0
221,US Open,20000828,SF,137.0,6-3 7-6(4) 7-6(1),Marat Safin,Todd Martin,0.41473296873575793,0,1.6666666666666667,2,0,0.5333333333333333,15.0
222,Australian Open,20050117,SF,174.0,3-6 7-6(3) 7-6(4) 6-1,Lleyton Hewitt,Andy Roddick,0.4143695754716981,0,2.5,2,1,0.75,20.0
223,Wimbledon,20060626,F,178.0,6-0 7-6(5) 6-7(2) 6-3,Roger Federer,Rafael Nadal,0.41382451620706334,0,2.75,2,2,0.38461538461538464,13.0
224,US Open,20230828,SF,199.0,7-6(3) 6-1 3-6 6-3,Daniil Medvedev,Carlos Alcaraz,0.4132432389937107,0,3.0,1,2,0.75,16.0
225,Wimbledon,20120625,F,204.0,4-6 7-5 6-3 6-4,Roger Federer,Andy Murray,0.4128425024826216,0,2.25,1,1,0.6842105263157895,19.0
226,US Open,19730829,F,158.4,6-4 1-6 4-6 6-2 6-3,John Newcombe,Jan Kodes,0.41257260049220684,2,2.75,0,2,0.6956521739130435,0.0
227,Roland Garros,19790528,SF,177.16,7-5 6-4 5-7 6-3,Victor Pecci,Jimmy Connors,0.41171869018321033,0,2.25,2,2,0.6956521739130435,0.0
228,US Open,19830830,F,150.0,6-3 6-7 7-5 6-0,Jimmy Connors,Ivan Lendl,0.41050990566037737,0,3.0,2,2,0.6956521739130435,0.0
229,Australian Open,20220117,SF,150.0,7-6(5) 4-6 6-4 6-1,Daniil Medvedev,Stefanos Tsitsipas,0.4092008254716981,0,2.5,1,2,0.625,16.0
230,Australian Open,19870112,F,176.4,6-3 6-4 3-6 5-7 6-3,Stefan Edberg,Pat Cash,0.407245283018868,1,2.5,1,2,0.6956521739130435,0.0
231,Wimbledon,20210628,F,204.0,6-7(4) 6-4 6-4 6-3,Novak Djokovic,Matteo Berrettini,0.4064062346185398,0,2.0,1,1,0.6363636363636364,22.0
232,Wimbledon,20120625,SF,167.0,6-3 6-4 3-6 7-5,Andy Murray,Jo-Wilfried Tsonga,0.40623118813234904,0,2.5,1,2,0.7,20.0
233,US Open,19710901,SF,172.8,7-6 6-3 3-6 2-6 6-3,Stan Smith,Tom Okker,0.40594093519278107,1,2.5,1,2,0.6956521739130435,0.0
234,Roland Garros,20060529,F,182.0,1-6 6-1 6-4 7-6(4),Rafael Nadal,Roger Federer,0.4050779874213836,0,3.25,1,1,0.6818181818181818,22.0
235,Australian Open,20170116,SF,184.0,7-5 6-3 1-6 4-6 6-3,Roger Federer,Stan Wawrinka,0.4041003554826361,1,2.5,1,2,0.6190476190476191,21.0
236,US Open,19940829,SF,127.5,7-5 6-3 7-6(4),Michael Stich,Karel Novacek,0.4040616625649439,0,2.0,2,0,0.7142857142857143,21.0
237,Wimbledon,20130624,F,189.0,6-4 7-5 6-4,Andy Murray,Novak Djokovic,0.40361091194968546,0,2.0,1,0,0.6333333333333333,30.0
238,Australian Open,19781225,SF,176.4,6-4 6-2 2-6 1-6 9-7,John Marks,Arthur Ashe,0.4029433962264151,1,3.0,2,2,0.6956521739130435,0.0
239,Wimbledon,19870622,SF,151.20000000000002,3-6 6-4 7-6 6-4,Ivan Lendl,Stefan Edberg,0.4026292452830189,0,2.0,1,1,0.6956521739130435,0.0
240,US Open,19870901,F,157.5,6-7 6-0 7-6 6-4,Ivan Lendl,Mats Wilander,0.4009633254716981,0,2.5,2,1,0.6956521739130435,0.0
241,Wimbledon,19900625,F,158.4,6-2 6-2 3-6 3-6 6-4,Stefan Edberg,Boris Becker,0.4006849056603774,1,3.0,0,2,0.6956521739130435,0.0
242,Wimbledon,20020624,SF,198.0,7-6(2) 6-4 1-6 2-6 6-2,David Nalbandian,Xavier Malisse,0.4001552091878589,1,2.75,1,2,0.6857142857142857,35.0
243,Roland Garros,20210531,SF,251.0,3-6 6-3 7-6(4) 6-2,Novak Djokovic,Rafael Nadal,0.4001139730221781,0,2.75,1,1,0.631578947368421,38.0
244,Roland Garros,19830523,SF,164.8,7-5 6-7 6-3 6-0,Mats Wilander,Jose Higueras,0.40003483729833206,0,3.0,2,2,0.6956521739130435,0.0
245,Wimbledon,20110620,SF,187.0,7-6(4) 6-2 6-7(9) 6-3,Novak Djokovic,Jo-Wilfried Tsonga,0.39884528864868346,0,2.25,2,2,0.47058823529411764,17.0
246,Wimbledon,19910624,SF,167.0,6-4 7-6(4) 7-5,Boris Becker,David Wheaton,0.3977822440980767,0,1.6666666666666667,2,0,0.8571428571428571,14.0
247,Wimbledon,20240701,SF,175.0,6-7(1) 6-3 6-4 6-4,Carlos Alcaraz,Daniil Medvedev,0.3977000786163522,0,2.0,1,1,0.5,18.0
248,Wimbledon,20150629,SF,127.0,7-5 7-5 6-4,Roger Federer,Andy Murray,0.3964736897274633,0,2.0,2,0,0.7272727272727273,11.0
249,Wimbledon,20000626,F,178.0,6-7(10) 7-6(5) 6-4 6-2,Pete Sampras,Patrick Rafter,0.3952473509707411,0,2.0,2,1,0.8125,16.0
250,Wimbledon,20170703,SF,138.0,7-6(4) 7-6(4) 6-4,Roger Federer,Tomas Berdych,0.39473809133169274,0,1.3333333333333333,2,0,0.8,15.0
251,Wimbledon,19860623,SF,144.0,6-2 6-4 6-7 6-3,Boris Becker,Henri Leconte,0.3944045939294505,0,2.5,1,2,0.6956521739130435,0.0
252,Wimbledon,19930621,SF,118.8,7-6(5) 6-4 6-4,Pete Sampras,Boris Becker,0.391317358490566,0,1.6666666666666667,1,0,0.8,10.0
253,Wimbledon,19690623,F,151.20000000000002,6-4 5-7 6-4 6-4,Rod Laver,John Newcombe,0.3901123872026252,0,2.0,1,2,0.6956521739130435,0.0
254,Australian Open,19731226,F,151.20000000000002,7-6 6-4 4-6 6-3,Jimmy Connors,Phil Dent,0.3901123872026252,0,2.0,1,2,0.6956521739130435,0.0
255,Australian Open,19890116,SF,157.5,6-2 6-4 5-7 7-5,Ivan Lendl,Thomas Muster,0.38866376127973756,0,2.5,2,2,0.6956521739130435,0.0
256,Wimbledon,20030623,F,116.0,7-6(5) 6-2 7-6(3),Roger Federer,Mark Philippoussis,0.3883172181204995,0,2.0,2,0,0.6,5.0
257,Australian Open,19950116,SF,157.5,6-7(6) 6-3 6-4 6-4,Pete Sampras,Michael Chang,0.3882622128794094,0,2.0,1,1,0.6956521739130435,23.0
258,Roland Garros,20200928,SF,189.0,6-3 6-3 7-6(0),Rafael Nadal,Diego Schwartzman,0.3873314191960623,0,2.3333333333333335,1,0,0.5714285714285714,21.0
259,Wimbledon,19910624,F,153.0,6-4 7-6(4) 6-4,Michael Stich,Boris Becker,0.3872135831786192,0,1.6666666666666667,1,0,0.6842105263157895,19.0
260,US Open,20020826,F,172.0,6-3 6-4 5-7 6-4,Pete Sampras,Andre Agassi,0.3857165162701668,0,2.25,1,2,0.7,20.0
261,Roland Garros,19990524,SF,146.0,6-4 7-6(6) 3-6 6-4,Andre Agassi,Dominik Hrbaty,0.385525430680886,0,2.0,1,2,0.6666666666666666,24.0
262,US Open,19820831,SF,123.75,6-4 6-4 7-6,Ivan Lendl,John McEnroe,0.385514858490566,0,1.6666666666666667,1,0,0.6956521739130435,0.0
263,US Open,19920831,F,175.0,3-6 6-4 7-6(5) 6-2,Stefan Edberg,Pete Sampras,0.38527790880503143,0,2.5,1,1,0.7272727272727273,22.0
264,US Open,19870901,SF,142.5,6-4 3-6 6-3 6-4,Mats Wilander,Stefan Edberg,0.3839508254716982,0,2.5,0,2,0.6956521739130435,0.0
265,Wimbledon,20250630,F,184.0,4-6 6-4 6-4 6-4,Jannik Sinner,Carlos Alcaraz,0.3836425786163522,0,2.0,0,1,0.6,15.0
266,Roland Garros,20080525,SF,185.0,6-2 5-7 6-3 7-5,Roger Federer,Gael Monfils,0.38290231063713426,0,2.75,2,2,0.6428571428571429,28.0
267,US Open,20030825,SF,154.0,6-4 6-3 3-6 6-4,Juan Carlos Ferrero,Andre Agassi,0.3828327164973392,0,2.5,0,2,0.6153846153846154,26.0
268,Wimbledon,19830620,SF,118.8,7-6 6-4 6-4,John McEnroe,Ivan Lendl,0.382077358490566,0,1.6666666666666667,1,0,0.6956521739130435,0.0
269,US Open,19740828,SF,129.6,7-6 7-6 6-4,Jimmy Connors,Roscoe Tanner,0.3816308449548811,0,1.3333333333333333,2,0,0.6956521739130435,0.0
270,US Open,20230828,F,197.0,6-3 7-6(5) 6-3,Novak Djokovic,Daniil Medvedev,0.3805811320754717,0,2.3333333333333335,1,0,0.5555555555555556,9.0
271,Australian Open,20240115,SF,202.0,6-1 6-2 6-7(6) 6-3,Jannik Sinner,Novak Djokovic,0.3804196540880503,0,3.25,1,2,0.5454545454545454,11.0
272,Wimbledon,20240701,F,147.0,6-2 6-2 7-6(4),Carlos Alcaraz,Novak Djokovic,0.37956529781724,0,3.0,1,0,0.6470588235294118,17.0
273,Wimbledon,19840625,SF,147.6,6-7 6-3 7-5 6-1,Jimmy Connors,Ivan Lendl,0.37953349056603775,0,2.75,2,1,0.6956521739130435,0.0
274,US Open,19960826,F,112.5,6-1 6-4 7-6(3),Pete Sampras,Michael Chang,0.3790413522012579,0,2.6666666666666665,1,0,0.6666666666666666,15.0
275,Australian Open,20250113,F,162.0,6-3 7-6(4) 6-3,Jannik Sinner,Alexander Zverev,0.3779211320754717,0,2.3333333333333335,1,0,0.8,10.0
276,Australian Open,19801226,SF,158.4,6-7 7-5 6-3 6-4,Brian Teacher,Peter McNamara,0.37737325676784256,0,2.0,2,1,0.6956521739130435,0.0
277,Australian Open,19841126,F,158.4,6-7 6-4 7-6 6-2,Mats Wilander,Kevin Curren,0.37737325676784256,0,2.0,2,1,0.6956521739130435,0.0
278,Wimbledon,19920622,SF,132.0,6-7(4) 7-6(5) 6-4 6-2,Goran Ivanisevic,Pete Sampras,0.37691666940114854,0,2.0,2,1,0.4,5.0
279,Australian Open,19960115,SF,112.5,6-1 6-4 7-6(1),Michael Chang,Andre Agassi,0.3766800188679245,0,2.6666666666666665,1,0,0.64,25.0
280,US Open,19680829,SF,162.0,8-6 6-4 6-8 6-1,Tom Okker,Ken Rosewall,0.376550861361772,0,2.75,2,2,0.6956521739130435,0.0
281,Wimbledon,19990621,SF,124.0,7-5 7-6(5) 6-2,Andre Agassi,Patrick Rafter,0.3764076278019674,0,2.3333333333333335,2,0,0.7692307692307693,13.0
282,Wimbledon,20100621,SF,142.0,6-4 7-6(6) 6-4,Rafael Nadal,Andy Murray,0.37453846960167714,0,1.6666666666666667,1,0,0.42857142857142855,7.0
283,Australian Open,20070115,F,140.0,7-6(2) 6-4 6-4,Roger Federer,Fernando Gonzalez,0.3745256858991888,0,1.6666666666666667,1,0,0.6363636363636364,11.0
284,Australian Open,19950116,F,150.0,4-6 6-1 7-6(6) 6-4,Andre Agassi,Pete Sampras,0.3716130754716981,0,2.5,1,1,0.72,25.0
285,Australian Open,20200120,SF,138.0,7-6(1) 6-4 6-3,Novak Djokovic,Roger Federer,0.3711459119496855,0,2.0,1,0,0.6666666666666666,18.0
286,Australian Open,19920113,F,174.0,6-3 3-6 6-4 6-2,Jim Courier,Stefan Edberg,0.3709195210449927,0,3.0,0,2,0.7307692307692307,26.0
287,Roland Garros,20050523,SF,167.0,6-3 4-6 6-4 6-3,Rafael Nadal,Roger Federer,0.3705312421383648,0,2.5,0,2,0.4,25.0
288,Australian Open,19721226,F,147.6,6-3 6-7 7-5 6-1,John Newcombe,Onny Parun,0.3700291222313372,0,2.75,2,2,0.6956521739130435,0.0
289,Roland Garros,20140526,F,211.0,3-6 7-5 6-2 6-4,Rafael Nadal,Novak Djokovic,0.3699595870572658,0,2.75,1,1,0.5263157894736842,19.0
290,US Open,20220829,SF,180.0,7-6(5) 6-2 5-7 6-2,Casper Ruud,Karen Khachanov,0.3696378178835111,0,2.75,2,2,0.5,18.0
291,Roland Garros,19910527,SF,164.0,7-5 6-3 3-6 6-1,Andre Agassi,Boris Becker,0.3689999874213836,0,3.25,1,2,0.64,25.0
292,Roland Garros,20150524,F,192.0,4-6 6-4 6-3 6-4,Stan Wawrinka,Novak Djokovic,0.3689339360131256,0,2.25,0,1,0.76,25.0
293,US Open,20110829,SF,204.0,6-4 6-2 3-6 6-2,Rafael Nadal,Andy Murray,0.368811320754717,0,3.25,0,2,0.7142857142857143,28.0
294,Roland Garros,19760531,F,164.8,6-1 6-4 4-6 7-6,Adriano Panatta,Harold Solomon,0.36796992070002743,0,2.5,1,2,0.6956521739130435,0.0
295,Wimbledon,19880620,F,147.6,4-6 7-6 6-4 6-2,Stefan Edberg,Boris Becker,0.3677641099261691,0,2.25,1,1,0.6956521739130435,0.0
296,Wimbledon,20120625,SF,139.0,6-3 3-6 6-4 6-3,Roger Federer,Novak Djokovic,0.3675043238993711,0,2.75,0,2,0.7142857142857143,14.0
297,Roland Garros,19710524,F,173.04,8-6 6-2 2-6 7-5,Jan Kodes,Ilie Nastase,0.36739991796554555,0,3.0,2,2,0.6956521739130435,0.0
298,US Open,19820831,F,138.75,6-3 6-2 4-6 6-4,Jimmy Connors,Ivan Lendl,0.3657241155660378,0,2.75,0,2,0.6956521739130435,0.0
299,Roland Garros,20030526,SF,164.0,6-3 7-6(5) 6-4,Juan Carlos Ferrero,Albert Costa,0.3656365273153287,0,2.0,1,0,0.5882352941176471,17.0
300,Roland Garros,19940523,SF,160.68,6-3 5-7 6-3 6-3,Sergi Bruguera,Jim Courier,0.3645265996718623,0,2.75,1,2,0.42857142857142855,21.0
301,US Open,20160829,SF,187.0,4-6 7-5 6-4 6-2,Stan Wawrinka,Kei Nishikori,0.364329956248291,0,2.5,1,1,0.6071428571428571,28.0
302,US Open,19930830,SF,150.0,6-1 6-7(3) 7-6(2) 6-1,Cedric Pioline,Wally Masur,0.363660787530763,0,3.0,2,2,0.782608695652174,23.0
303,Wimbledon,19800623,SF,133.20000000000002,6-3 3-6 6-3 6-4,John McEnroe,Jimmy Connors,0.36283349056603775,0,2.75,0,2,0.6956521739130435,0.0
304,Wimbledon,19940620,SF,136.8,6-4 6-4 3-6 6-3,Pete Sampras,Todd Martin,0.3619625649439432,0,2.5,0,2,0.6666666666666666,18.0
305,US Open,20180827,F,196.0,6-3 7-6(4) 6-3,Novak Djokovic,Juan Martin del Potro,0.36192201187746714,0,2.3333333333333335,1,0,0.5384615384615384,13.0
306,Roland Garros,19830523,F,135.96,6-2 7-5 7-6,Yannick Noah,Mats Wilander,0.3617544161881324,0,2.3333333333333335,2,0,0.6956521739130435,0.0
307,US Open,19850827,F,120.0,7-6 6-3 6-4,Ivan Lendl,John McEnroe,0.3612125786163522,0,2.0,1,0,0.6956521739130435,0.0
308,Wimbledon,19810622,SF,126.0,7-6 6-4 7-5,John McEnroe,Rod Frawley,0.3605890073831009,0,1.6666666666666667,2,0,0.6956521739130435,0.0
309,Wimbledon,20130624,SF,172.0,6-7(2) 6-4 6-4 6-3,Andy Murray,Jerzy Janowicz,0.3598674596663932,0,2.0,1,1,0.7,20.0
310,US Open,20020826,SF,141.0,7-6(6) 7-6(4) 6-2,Pete Sampras,Sjeng Schalken,0.3588138364779874,0,2.0,2,0,0.8,10.0
311,Roland Garros,20160523,SF,155.0,6-4 6-2 4-6 6-2,Andy Murray,Stan Wawrinka,0.35829907232704394,0,3.0,0,2,0.7,20.0
312,Wimbledon,20240701,SF,168.0,6-4 7-6(2) 6-4,Novak Djokovic,Lorenzo Musetti,0.358209638244141,0,1.6666666666666667,1,0,0.6470588235294118,17.0
313,US Open,20230828,SF,161.0,6-3 6-2 7-6(4),Novak Djokovic,Ben Shelton,0.357605282107374,0,2.6666666666666665,1,0,0.65,20.0
314,Roland Garros,19910527,SF,187.0,6-2 6-7(8) 6-2 6-4,Jim Courier,Michael Stich,0.35717767295597486,0,2.75,1,2,0.6086956521739131,23.0
315,Australian Open,20150119,SF,206.0,6-7(6) 6-0 6-3 7-5,Andy Murray,Tomas Berdych,0.35673076817904553,0,3.0,2,1,0.46153846153846156,13.0
316,Roland Garros,19900528,F,152.44,6-3 2-6 6-4 6-4,Andres Gomez,Andre Agassi,0.35664326633852894,0,2.75,0,2,0.6956521739130435,0.0
317,Roland Garros,19970526,SF,134.0,6-1 3-6 6-1 7-6(4),Gustavo Kuerten,Filip Dewulf,0.35610165436149854,0,3.5,1,2,0.6785714285714286,28.0
318,Roland Garros,20230529,SF,204.0,6-3 5-7 6-1 6-1,Novak Djokovic,Carlos Alcaraz,0.3559579009433962,0,3.75,1,2,0.625,24.0
319,Roland Garros,19860526,SF,173.04,2-6 7-5 7-6 6-3,Mikael Pernfors,Henri Leconte,0.3557018047579984,0,2.5,2,1,0.6956521739130435,0.0
320,Roland Garros,20010528,SF,159.0,7-6(2) 6-4 6-4,Alex Corretja,Sebastien Grosjean,0.3553113262236806,0,1.6666666666666667,1,0,0.68,25.0
321,US Open,20240826,SF,183.0,7-5 7-6(3) 6-2,Jannik Sinner,Jack Draper,0.3550415641235986,0,2.3333333333333335,2,0,0.6666666666666666,15.0
322,US Open,19690827,SF,176.4,8-6 6-3 14-12,Rod Laver,Arthur Ashe,0.35328794093519283,0,2.3333333333333335,2,0,0.6956521739130435,0.0
323,Roland Garros,20050523,F,204.0,6-7(6) 6-3 6-1 7-5,Rafael Nadal,Mariano Puerta,0.3525386331009024,0,2.75,2,1,0.65625,32.0
324,Roland Garros,19750604,SF,160.68,6-4 1-6 7-5 6-4,Bjorn Borg,Adriano Panatta,0.3519530352748155,0,2.75,1,2,0.6956521739130435,0.0
325,Roland Garros,19790528,F,160.68,6-3 6-1 6-7 6-4,Bjorn Borg,Victor Pecci,0.3519530352748155,0,2.75,1,2,0.6956521739130435,0.0
326,Wimbledon,19950626,F,149.0,6-7(5) 6-2 6-4 6-2,Pete Sampras,Boris Becker,0.3519407822327045,0,2.75,1,1,0.6875,16.0
327,US Open,19900827,SF,146.25,6-7 6-3 6-2 6-3,Andre Agassi,Boris Becker,0.35123036556603776,0,2.75,1,1,0.6956521739130435,0.0
328,US Open,19680829,SF,158.4,4-6 8-6 7-5 6-2,Arthur Ashe,Clark Graebner,0.34907136997538973,0,2.5,2,1,0.6956521739130435,0.0
329,Wimbledon,19940620,F,115.2,7-6(2) 7-6(5) 6-0,Pete Sampras,Goran Ivanisevic,0.34859840348330917,0,2.6666666666666665,2,0,0.7692307692307693,13.0
330,Roland Garros,19820524,SF,160.68,7-5 6-2 1-6 7-5,Mats Wilander,Jose-Luis Clerc,0.34765114848236267,0,3.25,2,2,0.6956521739130435,0.0
331,US Open,20050829,F,139.0,6-3 2-6 7-6(1) 6-1,Roger Federer,Andre Agassi,0.3462896328958163,0,3.25,1,2,0.7083333333333334,24.0
332,US Open,19980831,SF,146.25,6-1 6-4 5-7 6-4,Mark Philippoussis,Carlos Moya,0.34620543297302514,0,2.75,1,2,0.7058823529411765,17.0
333,US Open,20140825,SF,172.0,6-4 1-6 7-6(4) 6-3,Kei Nishikori,Novak Djokovic,0.34586462947771396,0,2.75,1,2,0.55,20.0
334,Australian Open,19751226,F,151.20000000000002,6-7 6-3 7-6 6-1,Mark Edmondson,John Newcombe,0.34581050041017236,0,2.5,2,1,0.6956521739130435,0.0
335,Wimbledon,19900625,SF,151.20000000000002,4-6 7-6 6-0 7-6,Boris Becker,Goran Ivanisevic,0.34581050041017236,0,2.5,2,1,0.6956521739130435,0.0
336,US Open,20060828,F,145.0,6-2 4-6 7-5 6-1,Roger Federer,Andy Roddick,0.34574959666393223,0,3.25,1,2,0.6666666666666666,24.0
337,Roland Garros,19870525,SF,127.72,6-3 6-3 7-6,Ivan Lendl,Miloslav Mecir Sr.,0.3448755765199161,0,2.3333333333333335,1,0,0.6956521739130435,0.0
338,US Open,20170828,SF,175.0,4-6 7-5 6-3 6-4,Kevin Anderson,Pablo Carreno Busta,0.3445085452556741,0,2.25,1,1,0.6666666666666666,18.0
339,Wimbledon,20090622,SF,123.0,7-6(3) 7-5 6-3,Roger Federer,Tommy Haas,0.3440942712605961,0,2.0,2,0,0.75,8.0
340,Roland Garros,20020527,SF,190.0,6-3 6-4 3-6 6-3,Albert Costa,Alex Corretja,0.3438559925799467,0,2.75,0,2,0.7297297297297297,37.0
341,Wimbledon,19980622,SF,144.0,6-3 4-6 7-5 6-3,Pete Sampras,Tim Henman,0.34348441345365055,0,2.5,1,2,0.5,14.0
342,Wimbledon,20150629,SF,141.0,7-6(2) 6-4 6-4,Novak Djokovic,Richard Gasquet,0.34341509433962264,0,1.6666666666666667,1,0,0.6666666666666666,12.0
343,Wimbledon,19990621,F,115.0,6-3 6-4 7-5,Pete Sampras,Andre Agassi,0.3425576278019674,0,2.3333333333333335,1,0,0.7692307692307693,13.0
344,US Open,19730829,SF,115.2,6-4 7-6 6-3,John Newcombe,Ken Rosewall,0.3423192780968007,0,2.0,1,0,0.6956521739130435,0.0
345,US Open,19970825,F,145.0,6-3 6-2 4-6 7-5,Patrick Rafter,Greg Rusedski,0.34163252245430265,0,2.75,1,2,0.6538461538461539,26.0
346,Wimbledon,19760621,SF,133.20000000000002,6-4 9-8 6-4,Bjorn Borg,Roscoe Tanner,0.34093683347005743,0,1.6666666666666667,1,0,0.6956521739130435,0.0
347,US Open,20130826,F,201.0,6-2 3-6 6-4 6-1,Rafael Nadal,Novak Djokovic,0.34005023584905664,0,3.5,0,2,0.5909090909090909,22.0
348,US Open,20210830,F,136.0,6-4 6-4 6-4,Daniil Medvedev,Novak Djokovic,0.34004868972746327,0,2.0,0,0,0.6428571428571429,14.0
349,Australian Open,20140113,SF,144.0,7-6(4) 6-3 6-3,Rafael Nadal,Roger Federer,0.34000450676784255,0,2.3333333333333335,1,0,0.6875,16.0
350,Australian Open,19711227,SF,122.4,6-2 7-6 7-6,Mal Anderson,Alex Metreveli,0.33954716981132077,0,2.0,2,0,0.6956521739130435,0.0
351,Australian Open,19711227,F,122.4,7-6 6-3 7-5,Ken Rosewall,Mal Anderson,0.33954716981132077,0,2.0,2,0,0.6956521739130435,0.0
352,Australian Open,19990118,F,147.0,4-6 6-0 6-3 7-6(1),Yevgeny Kafelnikov,Thomas Enqvist,0.3391078889800383,0,3.0,1,1,0.5333333333333333,15.0
353,Australian Open,20090119,SF,125.0,6-2 7-5 7-5,Roger Federer,Andy Roddick,0.3383227668398505,0,2.6666666666666665,2,0,0.75,16.0
354,Australian Open,19940117,F,123.75,7-6(4) 6-4 6-4,Pete Sampras,Todd Martin,0.3366650943396226,0,1.6666666666666667,1,0,0.7142857142857143,21.0
355,Roland Garros,20190527,F,181.0,6-3 5-7 6-1 6-1,Rafael Nadal,Dominic Thiem,0.33524024743462427,0,3.75,1,2,0.5263157894736842,19.0
356,Australian Open,19831129,SF,136.8,4-6 6-3 6-4 6-3,Mats Wilander,John McEnroe,0.3349820754716981,0,2.5,0,1,0.6956521739130435,0.0
357,Wimbledon,20110620,SF,179.0,5-7 6-2 6-2 6-4,Rafael Nadal,Andy Murray,0.334689072327044,0,3.0,1,1,0.5,12.0
358,Roland Garros,19930524,SF,175.0,6-1 6-7(2) 7-5 6-2,Jim Courier,Richard Krajicek,0.3339723817336615,0,3.0,2,2,0.25,12.0
359,Wimbledon,19990621,SF,168.0,3-6 6-4 6-3 6-4,Pete Sampras,Tim Henman,0.3335060432048127,0,2.5,0,1,0.6666666666666666,18.0
360,Australian Open,19751226,SF,118.8,6-4 6-4 7-6,John Newcombe,Ray Ruffels,0.3322411812961444,0,1.6666666666666667,1,0,0.6956521739130435,0.0
361,Australian Open,19710307,SF,118.8,6-4 6-4 7-6,Arthur Ashe,Robert Lutz,0.3322411812961444,0,1.6666666666666667,1,0,0.6956521739130435,0.0
362,Australian Open,19731226,SF,118.8,7-6 6-4 6-4,Jimmy Connors,John Alexander,0.3322411812961444,0,1.6666666666666667,1,0,0.6956521739130435,0.0
363,Australian Open,19910114,F,170.0,1-6 6-4 6-4 6-4,Boris Becker,Ivan Lendl,0.3319576572327044,0,2.75,0,1,0.65,20.0
364,US Open,20070827,SF,138.0,7-5 6-1 7-5,Roger Federer,Nikolay Davydenko,0.3313810595065312,0,3.0,2,0,0.6410256410256411,39.0
365,Australian Open,19910114,SF,190.0,6-7(2) 6-4 6-1 6-4,Boris Becker,Patrick McEnroe,0.3313177467869839,0,2.5,1,1,0.5909090909090909,22.0
366,Wimbledon,19770620,SF,136.8,6-3 6-3 4-6 6-4,Jimmy Connors,John McEnroe,0.33128876127973755,0,2.5,0,2,0.6956521739130435,0.0
367,Australian Open,19781225,F,136.8,6-4 6-4 3-6 6-3,Guillermo Vilas,John Marks,0.33128876127973755,0,2.5,0,2,0.6956521739130435,0.0
368,US Open,20030825,F,101.0,6-3 7-6(2) 6-3,Andy Roddick,Juan Carlos Ferrero,0.3311325209643606,0,2.3333333333333335,1,0,0.75,8.0
369,Roland Garros,19850527,SF,127.72,6-1 7-5 7-5,Mats Wilander,John McEnroe,0.3290793501048218,0,3.0,2,0,0.6956521739130435,0.0
370,Roland Garros,19770523,SF,135.96,7-5 6-3 7-5,Brian Gottfried,Phil Dent,0.32886765108012034,0,2.3333333333333335,2,0,0.6956521739130435,0.0
371,US Open,19770831,SF,135.96,7-5 6-3 7-5,Jimmy Connors,Corrado Barazzutti,0.32886765108012034,0,2.3333333333333335,2,0,0.6956521739130435,0.0
372,Roland Garros,20010528,SF,130.0,6-4 6-4 6-3,Gustavo Kuerten,Juan Carlos Ferrero,0.32859085429769386,0,2.3333333333333335,0,0,0.8055555555555556,36.0
373,Wimbledon,20020624,SF,139.0,7-5 6-1 7-5,Lleyton Hewitt,Tim Henman,0.32844268343815514,0,3.0,2,0,0.6,20.0
374,US Open,19890828,SF,135.0,7-6 6-1 3-6 6-1,Ivan Lendl,Andre Agassi,0.3276567473338803,0,3.5,1,2,0.6956521739130435,0.0
375,US Open,20190826,SF,158.0,7-6(5) 6-4 6-3,Daniil Medvedev,Grigor Dimitrov,0.326257314738857,0,2.0,1,0,0.5555555555555556,18.0
376,US Open,20060828,SF,164.0,6-7(5) 6-0 7-6(3) 6-3,Andy Roddick,Mikhail Youzhny,0.3253529795334553,0,2.75,2,1,0.5384615384615384,13.0
377,Wimbledon,19750623,F,129.6,6-1 6-1 5-7 6-4,Arthur Ashe,Jimmy Connors,0.3249665299425759,0,3.5,1,2,0.6956521739130435,0.0
378,Wimbledon,20180702,F,139.0,6-2 6-2 7-6(3),Novak Djokovic,Kevin Anderson,0.3244023334244827,0,3.0,1,0,0.6363636363636364,11.0
379,Wimbledon,20040621,SF,120.0,6-2 6-3 7-6(6),Roger Federer,Sebastien Grosjean,0.3242583664626323,0,2.6666666666666665,1,0,0.5384615384615384,13.0
380,US Open,20010827,SF,114.0,6-3 7-6(5) 6-3,Pete Sampras,Marat Safin,0.32234572053595845,0,2.3333333333333335,1,0,0.7142857142857143,7.0
381,US Open,20130826,SF,141.0,6-4 7-6(1) 6-2,Rafael Nadal,Richard Gasquet,0.3221305031446541,0,2.3333333333333335,1,0,0.5,10.0
382,US Open,20250824,SF,199.0,6-1 3-6 6-3 6-4,Jannik Sinner,Felix Auger-Aliassime,0.32210767022149306,0,3.25,0,2,0.7619047619047619,21.0
383,Roland Garros,19810525,SF,131.84,6-4 6-4 7-5,Bjorn Borg,Victor Pecci,0.3212476529031082,0,2.0,1,0,0.6956521739130435,0.0
384,Wimbledon,20210628,SF,157.0,6-3 6-0 6-7(3) 6-4,Matteo Berrettini,Hubert Hurkacz,0.321070207820618,0,3.0,1,2,0.5,12.0
385,Roland Garros,19840528,SF,123.60000000000001,6-3 6-3 7-5,Ivan Lendl,Mats Wilander,0.32031635220125787,0,2.6666666666666665,1,0,0.6956521739130435,0.0
386,Australian Open,20220117,SF,175.0,6-3 6-2 3-6 6-3,Rafael Nadal,Matteo Berrettini,0.3201785821711786,0,3.25,0,2,0.5,10.0
387,US Open,19810901,F,138.75,4-6 6-2 6-4 6-3,John McEnroe,Bjorn Borg,0.31972411556603775,0,2.75,0,1,0.6956521739130435,0.0
388,US Open,19880829,SF,138.75,4-6 6-2 6-3 6-4,Ivan Lendl,Andre Agassi,0.31972411556603775,0,2.75,0,1,0.6956521739130435,0.0
389,Wimbledon,19860623,F,111.60000000000001,6-4 6-3 7-5,Boris Becker,Ivan Lendl,0.3191732567678426,0,2.3333333333333335,1,0,0.6956521739130435,0.0
390,Australian Open,20030113,SF,139.0,7-5 2-6 6-3 6-3,Rainer Schuettler,Andy Roddick,0.3189969812759956,0,3.0,1,2,0.5789473684210527,19.0
391,Australian Open,19960115,F,127.5,6-2 6-4 2-6 6-2,Boris Becker,Michael Chang,0.31862367334905667,0,3.5,0,2,0.78125,32.0
392,US Open,19700902,F,144.0,2-6 6-4 7-6 6-3,Ken Rosewall,Tony Roche,0.3185496308449549,0,2.5,1,1,0.6956521739130435,0.0
393,Wimbledon,19870622,F,118.8,7-6 6-2 7-5,Pat Cash,Ivan Lendl,0.31850533223954064,0,2.3333333333333335,2,0,0.6956521739130435,0.0
394,Australian Open,19801226,F,118.8,7-5 7-6 6-2,Brian Teacher,Kim Warwick,0.31850533223954064,0,2.3333333333333335,2,0,0.6956521739130435,0.0
395,Roland Garros,20010528,F,192.0,6-7(3) 7-5 6-2 6-0,Gustavo Kuerten,Alex Corretja,0.31809424311151857,0,3.25,2,1,0.6470588235294118,34.0
396,Australian Open,20140113,F,141.0,6-3 6-2 3-6 6-3,Stan Wawrinka,Rafael Nadal,0.3173568430407438,0,3.25,0,2,0.6666666666666666,21.0
397,Roland Garros,20100524,SF,129.0,6-2 6-3 7-6(6),Rafael Nadal,Jurgen Melzer,0.31623161060978944,0,2.6666666666666665,1,0,0.36363636363636365,11.0
398,Roland Garros,20120527,SF,125.0,6-4 7-5 6-3,Novak Djokovic,Roger Federer,0.3158227987421383,0,2.3333333333333335,1,0,0.3888888888888889,18.0
399,Wimbledon,19730625,SF,133.20000000000002,6-3 3-6 6-3 6-4,Alex Metreveli,Sandy Mayer,0.3155073831009024,0,2.75,0,2,0.6956521739130435,0.0
400,Wimbledon,19700622,SF,133.20000000000002,6-3 4-6 6-3 6-3,Ken Rosewall,Roger Taylor,0.3155073831009024,0,2.75,0,2,0.6956521739130435,0.0
401,US Open,20250824,SF,146.0,6-4 7-6(4) 6-2,Carlos Alcaraz,Novak Djokovic,0.31486425918330146,0,2.3333333333333335,1,0,0.375,8.0
402,Roland Garros,19900528,SF,127.72,7-5 6-1 7-5,Andres Gomez,Thomas Muster,0.31477155227417747,0,3.0,2,0,0.6956521739130435,0.0
403,Wimbledon,20030623,SF,103.0,7-6(6) 6-3 6-3,Roger Federer,Andy Roddick,0.3138289572509343,0,2.3333333333333335,1,0,0.7,10.0
404,Wimbledon,19930621,SF,136.8,4-6 6-4 6-2 6-4,Jim Courier,Stefan Edberg,0.3132295754716981,0,2.5,0,1,0.45,20.0
405,Wimbledon,20050620,F,101.0,6-2 7-6(2) 6-4,Roger Federer,Andy Roddick,0.31302002096436055,0,2.3333333333333335,1,0,0.5454545454545454,11.0
406,US Open,20250824,F,164.0,6-2 3-6 6-1 6-4,Carlos Alcaraz,Jannik Sinner,0.3127294025157233,0,3.5,0,2,0.5,12.0
407,US Open,19790828,SF,112.5,6-3 6-3 7-5,John McEnroe,Jimmy Connors,0.3126080188679245,0,2.6666666666666665,1,0,0.6956521739130435,0.0
408,US Open,19780829,SF,112.5,6-3 6-2 7-6,Bjorn Borg,Vitas Gerulaitis,0.3126080188679245,0,2.6666666666666665,1,0,0.6956521739130435,0.0
409,US Open,19860826,SF,112.5,7-6 6-2 6-3,Ivan Lendl,Stefan Edberg,0.3126080188679245,0,2.6666666666666665,1,0,0.6956521739130435,0.0
410,US Open,19810901,SF,112.5,6-2 7-5 6-4,Bjorn Borg,Jimmy Connors,0.3126080188679245,0,2.6666666666666665,1,0,0.6956521739130435,0.0
411,US Open,19790828,F,112.5,7-5 6-3 6-3,John McEnroe,Vitas Gerulaitis,0.3126080188679245,0,2.6666666666666665,1,0,0.6956521739130435,0.0
412,Australian Open,20050117,F,165.0,1-6 6-3 6-4 6-4,Marat Safin,Lleyton Hewitt,0.31144872144985103,0,3.0,0,1,0.631578947368421,19.0
413,Australian Open,19711227,SF,133.20000000000002,7-6 6-1 3-6 6-2,Ken Rosewall,Allan Stone,0.31120549630844957,0,3.25,1,2,0.6956521739130435,0.0
414,Wimbledon,19840625,SF,115.2,6-3 7-6 6-4,John McEnroe,Pat Cash,0.31119934372436425,0,2.0,1,0,0.6956521739130435,0.0
415,Australian Open,19930118,F,131.25,6-2 6-1 2-6 7-5,Jim Courier,Stefan Edberg,0.31102352594339616,0,3.75,1,2,0.5454545454545454,11.0
416,Wimbledon,19690623,SF,187.20000000000002,3-6 6-1 14-12 6-4,John Newcombe,Tony Roche,0.30981296144380643,0,3.0,1,1,0.6956521739130435,0.0
417,Roland Garros,20180528,SF,137.0,7-5 7-6(10) 6-1,Dominic Thiem,Marco Cecchinato,0.30839586181751893,0,2.6666666666666665,2,0,0.6666666666666666,15.0
418,Wimbledon,19760621,F,122.4,6-4 6-2 9-7,Bjorn Borg,Ilie Nastase,0.3055924528301887,0,2.6666666666666665,1,0,0.6956521739130435,0.0
419,Wimbledon,20080623,SF,103.0,6-3 7-6(3) 6-4,Roger Federer,Marat Safin,0.30526697657460583,0,2.0,1,0,0.7142857142857143,7.0
420,US Open,19770831,F,148.32,2-6 6-3 7-6 6-0,Guillermo Vilas,Jimmy Connors,0.3034877358490566,0,3.5,1,1,0.6956521739130435,0.0
421,Roland Garros,20070528,SF,148.0,7-5 6-4 6-2,Rafael Nadal,Novak Djokovic,0.303202211284295,0,2.6666666666666665,1,0,0.4666666666666667,15.0
422,US Open,19710901,F,140.4,3-6 6-3 6-2 7-6,Stan Smith,Jan Kodes,0.30276825266611984,0,2.75,1,1,0.6956521739130435,0.0
423,Wimbledon,19850624,SF,140.4,2-6 7-6 6-3 6-3,Boris Becker,Anders Jarryd,0.30276825266611984,0,2.75,1,1,0.6956521739130435,0.0
424,Wimbledon,19940620,SF,111.60000000000001,6-2 7-6(6) 6-4,Goran Ivanisevic,Boris Becker,0.3026015176374077,0,2.3333333333333335,1,0,0.5,6.0
425,Roland Garros,20140526,SF,154.0,6-3 6-3 3-6 6-3,Novak Djokovic,Ernests Gulbis,0.30250562981550294,0,3.0,0,2,0.5882352941176471,17.0
426,US Open,19900827,SF,135.0,6-2 6-4 3-6 6-3,Pete Sampras,John McEnroe,0.3021716570959803,0,3.0,0,2,0.6956521739130435,0.0
427,Australian Open,20040119,F,135.0,7-6(3) 6-4 6-2,Roger Federer,Marat Safin,0.30205605687722176,0,2.3333333333333335,1,0,0.6666666666666666,21.0
428,US Open,20190826,SF,155.0,7-6(6) 6-4 6-1,Rafael Nadal,Matteo Berrettini,0.3016820937015769,0,2.6666666666666665,1,0,0.75,16.0
429,Wimbledon,20100621,SF,138.0,6-3 7-6(9) 6-3,Tomas Berdych,Novak Djokovic,0.30153431774678696,0,2.3333333333333335,1,0,0.6363636363636364,11.0
430,Wimbledon,20140623,SF,101.0,6-4 6-4 6-4,Roger Federer,Milos Raonic,0.30050267181660745,0,2.0,0,0,0.625,8.0
431,Australian Open,19940117,SF,108.75,6-3 6-4 6-4,Pete Sampras,Jim Courier,0.30025196540880505,0,2.3333333333333335,0,0,0.6521739130434783,23.0
432,US Open,19940829,F,120.0,6-1 7-6(5) 7-5,Andre Agassi,Michael Stich,0.30010452030878615,0,2.6666666666666665,2,0,0.6923076923076923,13.0
433,Australian Open-1,19770101,SF,129.6,6-4 1-6 6-3 6-4,Guillermo Vilas,John Alexander,0.29972600492206725,0,3.0,0,2,0.6956521739130435,0.0
434,Australian Open-1,19770101,SF,129.6,6-4 3-6 6-4 6-1,Roscoe Tanner,Ken Rosewall,0.29972600492206725,0,3.0,0,2,0.6956521739130435,0.0
435,Roland Garros,20100524,F,138.0,6-4 6-2 6-4,Rafael Nadal,Robin Soderling,0.29839303254033367,0,2.6666666666666665,0,0,0.8,20.0
436,Australian Open,20000117,F,139.0,3-6 6-3 6-2 6-4,Andre Agassi,Yevgeny Kafelnikov,0.29732448899371067,0,3.0,0,1,0.625,24.0
437,Australian Open,20100118,SF,182.0,3-6 6-4 6-4 6-2,Andy Murray,Marin Cilic,0.2964036149849604,0,2.75,0,1,0.68,25.0
438,US Open,20240826,F,136.0,6-3 6-4 7-5,Jannik Sinner,Taylor Fritz,0.295905535646609,0,2.3333333333333335,1,0,0.5789473684210527,19.0
439,Wimbledon,20100621,F,133.0,6-3 7-5 6-4,Rafael Nadal,Tomas Berdych,0.2957149940752894,0,2.3333333333333335,1,0,0.6,10.0
440,Australian Open,20060116,SF,160.0,6-3 5-7 6-0 6-2,Roger Federer,Nicolas Kiefer,0.29504129067541707,0,3.75,1,2,0.6956521739130435,23.0
441,Australian Open,20210208,SF,129.0,6-4 6-2 7-5,Daniil Medvedev,Stefanos Tsitsipas,0.2934047716707684,0,2.6666666666666665,1,0,0.5,12.0
442,Wimbledon,20030623,SF,116.0,7-6(3) 6-3 6-3,Mark Philippoussis,Sebastien Grosjean,0.2931492935921976,0,2.3333333333333335,1,0,0.7,10.0
443,US Open,19820831,SF,123.75,6-1 3-6 6-2 6-3,Jimmy Connors,Guillermo Vilas,0.29281727594339624,0,3.75,0,2,0.6956521739130435,0.0
444,Roland Garros,19900528,SF,144.20000000000002,6-1 6-4 3-6 6-3,Andre Agassi,Jonas Svensson,0.29218738036642056,0,3.25,0,2,0.6956521739130435,0.0
445,Roland Garros,20040524,SF,167.0,3-6 6-4 6-0 7-5,Guillermo Coria,Tim Henman,0.2915347415914684,0,3.25,1,1,0.4166666666666667,24.0
446,Wimbledon,20190701,SF,169.0,6-2 4-6 6-3 6-2,Novak Djokovic,Roberto Bautista Agut,0.2913155854946257,0,3.25,0,2,0.5384615384615384,13.0
447,Roland Garros,19940523,F,148.32,6-3 7-5 2-6 6-1,Sergi Bruguera,Alberto Berasategui,0.290863477397349,0,3.5,1,2,0.5263157894736842,19.0
448,Australian Open,19690120,F,111.60000000000001,6-3 6-4 7-5,Rod Laver,Andres Gimeno,0.2901575061525841,0,2.3333333333333335,1,0,0.6956521739130435,0.0
449,Australian Open,19870112,SF,111.60000000000001,6-2 6-4 7-6,Stefan Edberg,Wally Masur,0.2901575061525841,0,2.3333333333333335,1,0,0.6956521739130435,0.0
450,Australian Open,19721226,SF,111.60000000000001,7-6 6-4 6-2,John Newcombe,Patrick Proisy,0.2901575061525841,0,2.3333333333333335,1,0,0.6956521739130435,0.0
451,Australian Open,19710307,SF,111.60000000000001,6-2 7-6 6-4,Ken Rosewall,Tom Okker,0.2901575061525841,0,2.3333333333333335,1,0,0.6956521739130435,0.0
452,Wimbledon,19790625,SF,111.60000000000001,6-3 7-6 6-3,Roscoe Tanner,Pat Dupre,0.2901575061525841,0,2.3333333333333335,1,0,0.6956521739130435,0.0
453,Roland Garros,19850527,F,144.20000000000002,3-6 6-4 6-2 6-2,Mats Wilander,Ivan Lendl,0.29001548742138367,0,3.25,0,1,0.6956521739130435,0.0
454,Roland Garros,19950529,F,123.60000000000001,7-5 6-2 6-4,Thomas Muster,Michael Chang,0.2898178151490293,0,2.6666666666666665,1,0,0.5,16.0
455,US Open,19850827,SF,108.75,6-2 6-3 7-5,Ivan Lendl,Jimmy Connors,0.28830573899371065,0,3.0,1,0,0.6956521739130435,0.0
456,Australian Open,19970113,SF,114.0,6-1 7-6(3) 6-3,Pete Sampras,Thomas Muster,0.287276572327044,0,3.0,1,0,0.6428571428571429,14.0
457,US Open,19940829,SF,135.0,6-3 4-6 6-2 6-3,Andre Agassi,Todd Martin,0.287106439704676,0,3.0,0,2,0.5,16.0
458,US Open,19760901,SF,115.36,6-3 6-3 6-4,Bjorn Borg,Ilie Nastase,0.2869941299790356,0,2.6666666666666665,0,0,0.6956521739130435,0.0
459,Wimbledon,19720626,SF,136.8,3-6 6-4 6-1 7-5,Stan Smith,Jan Kodes,0.28698687448728466,0,3.0,1,1,0.6956521739130435,0.0
460,US Open,19720830,SF,136.8,4-6 7-6 6-2 6-1,Ilie Nastase,Tom Gorman,0.28698687448728466,0,3.0,1,1,0.6956521739130435,0.0
461,Australian Open,20160118,SF,139.0,6-1 6-2 3-6 6-3,Novak Djokovic,Roger Federer,0.2868407535074988,0,3.75,0,2,0.5384615384615384,13.0
462,Roland Garros,19920525,SF,145.0,6-2 7-6(4) 6-3,Petr Korda,Henri Leconte,0.28601844635858176,0,2.6666666666666665,1,0,0.625,16.0
463,Wimbledon,19890626,F,104.4,6-0 7-6 6-4,Boris Becker,Stefan Edberg,0.28528490566037734,0,3.0,1,0,0.6956521739130435,0.0
464,Wimbledon,19900625,SF,104.4,6-1 7-6 6-3,Stefan Edberg,Ivan Lendl,0.28528490566037734,0,3.0,1,0,0.6956521739130435,0.0
465,Roland Garros,20180528,F,162.0,6-4 6-3 6-2,Rafael Nadal,Dominic Thiem,0.2851103445447088,0,3.0,0,0,0.7,20.0
466,US Open,19920831,SF,161.0,6-1 3-6 6-2 6-2,Pete Sampras,Jim Courier,0.2849447327044025,0,4.0,0,2,0.5714285714285714,21.0
467,Australian Open,19990118,SF,113.0,6-3 6-4 7-5,Yevgeny Kafelnikov,Tommy Haas,0.28482231477391445,0,2.3333333333333335,1,0,0.6153846153846154,13.0
468,Roland Garros,20160523,F,183.0,3-6 6-1 6-2 6-4,Novak Djokovic,Andy Murray,0.2840044025157233,0,3.5,0,1,0.5833333333333334,24.0
469,Wimbledon,19780626,SF,108.0,6-4 6-4 6-4,Bjorn Borg,Tom Okker,0.28285151763740773,0,2.0,0,0,0.6956521739130435,0.0
470,Wimbledon,19760621,SF,118.8,6-2 9-7 6-3,Ilie Nastase,Raul Ramirez,0.2824464315012305,0,3.0,1,0,0.6956521739130435,0.0
471,Australian Open,20110117,F,159.0,6-4 6-2 6-3,Novak Djokovic,Andy Murray,0.282301572327044,0,3.0,0,0,0.5454545454545454,22.0
472,Roland Garros,19980525,F,133.0,6-3 7-5 6-3,Carlos Moya,Alex Corretja,0.2819804028803209,0,2.6666666666666665,1,0,0.6666666666666666,24.0
473,Australian Open,19930118,SF,116.25,7-6(4) 6-4 6-2,Jim Courier,Michael Stich,0.28140025977577243,0,2.3333333333333335,1,0,0.5454545454545454,11.0
474,Australian Open,20060116,F,166.0,5-7 7-5 6-0 6-2,Roger Federer,Marcos Baghdatis,0.2808444079846869,0,3.5,2,1,0.5,22.0
475,US Open,20040830,SF,119.0,6-4 7-5 6-3,Lleyton Hewitt,Joachim Johansson,0.27956088779509614,0,2.3333333333333335,1,0,0.5,6.0
476,Wimbledon,19970623,SF,104.0,6-2 6-1 7-6(3),Pete Sampras,Todd Woodbridge,0.2793991431956977,0,3.3333333333333335,1,0,0.5714285714285714,14.0
477,US Open,19910826,SF,129.0,6-3 6-3 6-4,Stefan Edberg,Ivan Lendl,0.2791413522012579,0,2.6666666666666665,0,0,0.5,16.0
478,Roland Garros,19880523,SF,123.60000000000001,7-6 6-2 6-3,Henri Leconte,Jonas Svensson,0.2785359584358764,0,2.6666666666666665,1,0,0.6956521739130435,0.0
479,Roland Garros,19710524,SF,123.60000000000001,6-4 6-2 7-5,Jan Kodes,Zeljko Franulovic,0.2785359584358764,0,2.6666666666666665,1,0,0.6956521739130435,0.0
480,Australian Open,19700119,F,122.4,6-4 9-7 6-2,Arthur Ashe,Dick Crealy,0.277811320754717,0,2.6666666666666665,1,0,0.6956521739130435,0.0
481,Roland Garros,20190527,SF,145.0,6-3 6-4 6-2,Rafael Nadal,Roger Federer,0.27740935010482176,0,3.0,0,0,0.6,20.0
482,Australian Open,19811224,SF,111.60000000000001,6-0 7-6 7-5,Johan Kriek,Mark Edmondson,0.2764216570959804,0,3.0,2,0,0.6956521739130435,0.0
483,Wimbledon,20070625,SF,104.0,7-5 6-3 6-4,Roger Federer,Richard Gasquet,0.27600291678060335,0,2.3333333333333335,1,0,0.5714285714285714,7.0
484,Roland Garros,19980525,SF,165.0,5-7 6-2 6-4 6-2,Carlos Moya,Felix Mantilla,0.2758087808417997,0,3.0,1,1,0.38461538461538464,13.0
485,Wimbledon,19740624,SF,133.20000000000002,4-6 6-2 6-3 6-4,Jimmy Connors,Dick Stockton,0.2755073831009024,0,2.75,0,1,0.6956521739130435,0.0
486,US Open,20160829,SF,152.0,6-3 6-2 3-6 6-2,Novak Djokovic,Gael Monfils,0.2751973766616388,0,3.5,0,2,0.6129032258064516,31.0
487,US Open,19750827,F,115.36,6-4 6-3 6-3,Manuel Orantes,Jimmy Connors,0.2745161243277732,0,2.6666666666666665,0,0,0.6956521739130435,0.0
488,Wimbledon,20110620,F,148.0,6-4 6-1 1-6 6-3,Novak Djokovic,Rafael Nadal,0.2733641509433962,0,3.75,0,2,0.3333333333333333,12.0
489,Wimbledon,20000626,SF,99.0,7-6(4) 6-2 6-4,Pete Sampras,Vladimir Voltchkov,0.2729835931091058,0,2.3333333333333335,1,0,0.5714285714285714,7.0
490,Australian Open,20250113,SF,156.0,7-6(2) 6-2 6-2,Jannik Sinner,Ben Shelton,0.2718680339075745,0,3.0,1,0,0.6,20.0
491,Roland Garros,19690526,F,119.48,6-4 6-3 6-4,Rod Laver,Ken Rosewall,0.2709159602588643,0,2.3333333333333335,0,0,0.6956521739130435,0.0
492,Australian Open,19791224,F,108.0,7-6 6-3 6-2,Guillermo Vilas,John Sadri,0.26911566858080394,0,2.6666666666666665,1,0,0.6956521739130435,0.0
493,Wimbledon,19680624,SF,108.0,7-5 6-2 6-4,Rod Laver,Arthur Ashe,0.26911566858080394,0,2.6666666666666665,1,0,0.6956521739130435,0.0
494,US Open,19720830,SF,108.0,6-1 6-4 7-6,Arthur Ashe,Cliff Richey,0.26911566858080394,0,2.6666666666666665,1,0,0.6956521739130435,0.0
495,Wimbledon,20080623,SF,122.0,6-1 7-6(3) 6-4,Rafael Nadal,Rainer Schuettler,0.2680045574696929,0,2.6666666666666665,1,0,0.5714285714285714,14.0
496,Australian Open,19970113,SF,131.0,7-5 6-2 6-4,Carlos Moya,Michael Chang,0.2679393400783885,0,2.6666666666666665,1,0,0.5,24.0
497,Australian Open,19851125,F,100.8,6-4 6-3 6-3,Stefan Edberg,Mats Wilander,0.2648446267432322,0,2.6666666666666665,0,0,0.6956521739130435,0.0
498,US Open,19890828,SF,108.75,6-4 6-3 6-4,Boris Becker,Aaron Krickstein,0.26443649165983046,0,2.3333333333333335,0,0,0.6956521739130435,0.0
499,Roland Garros,19820524,F,148.32,1-6 7-6 6-0 6-4,Mats Wilander,Guillermo Vilas,0.2639023789991797,0,3.5,1,1,0.6956521739130435,0.0
500,Roland Garros,19750604,F,111.24000000000001,6-2 6-3 6-4,Bjorn Borg,Guillermo Vilas,0.26243490566037736,0,3.0,0,0,0.6956521739130435,0.0
501,Wimbledon,19720626,SF,104.4,6-3 6-4 6-4,Ilie Nastase,Manuel Orantes,0.26180968006562755,0,2.3333333333333335,0,0,0.6956521739130435,0.0
502,Australian Open,19741226,SF,104.4,6-4 6-3 6-4,Jimmy Connors,Dick Crealy,0.26180968006562755,0,2.3333333333333335,0,0,0.6956521739130435,0.0
503,Australian Open,20180115,SF,138.0,6-2 7-6(4) 6-2,Marin Cilic,Kyle Edmund,0.2609984686901832,0,3.0,1,0,0.6,10.0
504,Roland Garros,19740603,SF,135.96,6-4 2-6 6-2 6-1,Bjorn Borg,Harold Solomon,0.26015360951599675,0,3.75,0,2,0.6956521739130435,0.0
505,Roland Garros,19710524,SF,135.96,6-0 2-6 6-4 6-3,Ilie Nastase,Frank Froehling,0.26015360951599675,0,3.75,0,2,0.6956521739130435,0.0
506,Roland Garros,20130527,SF,124.0,6-1 7-6(3) 6-2,David Ferrer,Jo-Wilfried Tsonga,0.2601240816698569,0,3.3333333333333335,1,0,0.6363636363636364,22.0
507,US Open,20040830,SF,104.0,6-3 6-4 6-4,Roger Federer,Tim Henman,0.25960320845866375,0,2.3333333333333335,0,0,0.36363636363636365,11.0
508,Wimbledon,20060626,SF,147.0,6-1 7-5 6-3,Rafael Nadal,Marcos Baghdatis,0.25911532677057697,0,3.3333333333333335,1,0,0.75,20.0
509,US Open,19970825,SF,122.0,6-3 6-3 6-4,Patrick Rafter,Michael Chang,0.2588869104108693,0,2.6666666666666665,0,0,0.7647058823529411,17.0
510,Roland Garros,20090525,F,115.0,6-1 7-6(1) 6-4,Roger Federer,Robin Soderling,0.25827750432959623,0,2.6666666666666665,1,0,0.5,8.0
511,US Open,20000828,F,98.0,6-4 6-3 6-3,Marat Safin,Pete Sampras,0.2579629842311549,0,2.6666666666666665,0,0,0.6363636363636364,11.0
512,US Open,20070827,SF,132.0,6-4 6-4 6-3,Novak Djokovic,David Ferrer,0.25791112934098986,0,2.3333333333333335,0,0,0.42857142857142855,14.0
513,US Open,20170828,F,147.0,6-3 6-3 6-4,Rafael Nadal,Kevin Anderson,0.25787895360495855,0,2.6666666666666665,0,0,0.5555555555555556,9.0
514,Wimbledon,20250630,SF,115.0,6-3 6-3 6-4,Jannik Sinner,Novak Djokovic,0.2577052547625559,0,2.6666666666666665,0,0,0.5,12.0
515,US Open,19770831,SF,119.48,6-2 7-6 6-2,Guillermo Vilas,Harold Solomon,0.2571801112022605,0,3.0,1,0,0.6956521739130435,0.0
516,Roland Garros,19820524,SF,119.48,6-1 6-3 7-6,Guillermo Vilas,Jose Higueras,0.2571801112022605,0,3.0,1,0,0.6956521739130435,0.0
517,Roland Garros,19720522,SF,119.48,6-3 7-5 6-2,Patrick Proisy,Manuel Orantes,0.2571801112022605,0,3.0,1,0,0.6956521739130435,0.0
518,Wimbledon,19730625,F,118.8,6-1 9-8 6-3,Jan Kodes,Alex Metreveli,0.2567694831829368,0,3.0,1,0,0.6956521739130435,0.0
519,Roland Garros,20220523,SF,151.9,3-6 6-4 6-2 6-2,Casper Ruud,Marin Cilic,0.2566511484823626,0,3.25,0,1,0.7083333333333334,24.0
520,Roland Garros,20200928,F,161.0,6-0 6-2 7-5,Rafael Nadal,Novak Djokovic,0.25564612159329136,0,4.0,1,0,0.6521739130434783,23.0
521,Australian Open,19721226,SF,129.6,2-6 6-3 7-5 6-1,Onny Parun,Karl Meiler,0.25542411812961446,0,3.5,1,1,0.6956521739130435,0.0
522,US Open,20180827,SF,143.0,6-3 6-4 6-2,Novak Djokovic,Kei Nishikori,0.25460726604589135,0,3.0,0,0,0.7894736842105263,19.0
523,Australian Open,19831129,F,97.2,6-1 6-4 6-4,Mats Wilander,Ivan Lendl,0.2526849056603773,0,3.0,0,0,0.6956521739130435,0.0
524,US Open,19830830,SF,105.0,6-2 7-6 6-1,Ivan Lendl,Jimmy Arias,0.25252504785343177,0,3.3333333333333335,1,0,0.6956521739130435,0.0
525,Wimbledon,19710621,SF,111.60000000000001,6-3 8-6 6-2,Stan Smith,Tom Gorman,0.2524216570959803,0,3.0,1,0,0.6956521739130435,0.0
526,Australian Open,19731226,SF,118.8,6-4 6-1 2-6 6-2,Phil Dent,Ross Case,0.252381870385562,0,3.75,0,2,0.6956521739130435,0.0
527,Australian Open,19751226,SF,118.8,6-1 2-6 6-2 6-4,Mark Edmondson,Ken Rosewall,0.252381870385562,0,3.75,0,2,0.6956521739130435,0.0
528,Australian Open,19920113,SF,126.0,7-6(2) 6-1 6-2,Stefan Edberg,Wayne Ferreira,0.252292863002461,0,3.3333333333333335,1,0,0.8260869565217391,23.0
529,US Open,19990830,SF,131.0,1-6 6-3 6-3 6-3,Andre Agassi,Yevgeny Kafelnikov,0.25214631428042916,0,3.5,0,1,0.5294117647058824,17.0
530,Roland Garros,19760531,SF,111.24000000000001,6-3 6-2 6-4,Adriano Panatta,Eddie Dibbs,0.2510246923707958,0,3.0,0,0,0.6956521739130435,0.0
531,Roland Garros,20130527,F,136.0,6-3 6-2 6-3,Rafael Nadal,David Ferrer,0.2500937368972746,0,3.3333333333333335,0,0,0.6071428571428571,28.0
532,Roland Garros,20240526,SF,147.56,2-6 6-2 6-4 6-2,Alexander Zverev,Casper Ruud,0.2497655879135904,0,3.5,0,1,0.5333333333333333,15.0
533,Roland Garros,19740603,SF,115.36,6-2 6-4 6-4,Manuel Orantes,Francois Jauffret,0.2495601130252484,0,2.6666666666666665,0,0,0.6956521739130435,0.0
534,Wimbledon,20230703,SF,110.0,6-3 6-3 6-3,Carlos Alcaraz,Daniil Medvedev,0.24916823899371066,0,3.0,0,0,0.5555555555555556,18.0
535,Australian Open,19831129,SF,104.4,6-1 7-6 6-3,Ivan Lendl,Tim Mayotte,0.24807383100902378,0,3.0,1,0,0.6956521739130435,0.0
536,Roland Garros,19980525,SF,142.0,6-3 6-4 6-2,Alex Corretja,Cedric Pioline,0.24775559429404798,0,3.0,0,0,0.7083333333333334,24.0
537,US Open,20140825,SF,105.0,6-3 6-4 6-4,Marin Cilic,Roger Federer,0.24710678151490292,0,2.3333333333333335,0,0,0.5,10.0
538,Wimbledon,19780626,SF,111.60000000000001,9-7 6-2 6-1,Jimmy Connors,Vitas Gerulaitis,0.24688867924528302,0,3.6666666666666665,1,0,0.6956521739130435,0.0
539,Roland Garros,19840528,SF,111.24000000000001,7-5 6-1 6-2,John McEnroe,Jimmy Connors,0.24663867924528304,0,3.6666666666666665,1,0,0.6956521739130435,0.0
540,Wimbledon,20220627,SF,155.0,2-6 6-3 6-2 6-4,Novak Djokovic,Cameron Norrie,0.2462912451007201,0,3.25,0,1,0.5555555555555556,18.0
541,US Open,19690827,F,140.4,7-9 6-1 6-2 6-2,Rod Laver,Tony Roche,0.2461644790812141,0,3.75,1,1,0.6956521739130435,0.0
542,Roland Garros,20020527,F,150.0,6-1 6-0 4-6 6-3,Albert Costa,Juan Carlos Ferrero,0.24598969276773666,0,4.0,0,2,0.6129032258064516,31.0
543,US Open,20210830,SF,124.0,6-4 7-5 6-2,Daniil Medvedev,Felix Auger-Aliassime,0.2444622869382919,0,2.6666666666666665,1,0,0.25,8.0
544,Australian Open,19690120,SF,129.6,6-2 11-9 6-2,Andres Gimeno,Ray Ruffels,0.24442329778506972,0,3.3333333333333335,1,0,0.6956521739130435,0.0
545,Roland Garros,19680527,F,131.84,6-3 6-1 2-6 6-2,Ken Rosewall,Rod Laver,0.24413672409078482,0,4.0,0,2,0.6956521739130435,0.0
546,US Open,19930830,F,108.75,6-4 6-4 6-3,Pete Sampras,Cedric Pioline,0.24387127426852612,0,2.3333333333333335,0,0,0.42857142857142855,14.0
547,Australian Open,20210208,F,113.0,7-5 6-2 6-2,Novak Djokovic,Daniil Medvedev,0.24337901467505238,0,3.3333333333333335,1,0,0.4,15.0
548,US Open,19880829,SF,105.0,6-4 6-4 6-2,Mats Wilander,Darren Cahill,0.2433040743779054,0,2.6666666666666665,0,0,0.6956521739130435,0.0
549,Australian Open-1,19770101,F,97.2,6-3 6-3 6-3,Roscoe Tanner,Guillermo Vilas,0.24169860541427401,0,3.0,0,0,0.6956521739130435,0.0
550,Wimbledon,20160627,SF,117.0,6-3 6-3 6-3,Andy Murray,Tomas Berdych,0.24153673250457502,0,3.0,0,0,0.5384615384615384,13.0
551,US Open,19700902,SF,100.8,6-3 6-4 6-3,Ken Rosewall,John Newcombe,0.24076784249384744,0,2.6666666666666665,0,0,0.6956521739130435,0.0
552,US Open,19980831,F,120.0,6-3 3-6 6-2 6-0,Patrick Rafter,Mark Philippoussis,0.2387744052502051,0,4.0,0,2,0.6956521739130435,23.0
553,US Open,20120827,SF,152.0,2-6 6-1 6-4 6-2,Novak Djokovic,David Ferrer,0.2386714426100629,0,3.75,0,1,0.4375,16.0
554,Australian Open,20040119,SF,89.0,6-4 6-1 6-4,Roger Federer,Juan Carlos Ferrero,0.23852046121593287,0,3.0,0,0,0.6,10.0
555,Roland Garros,20040524,SF,146.0,6-3 7-6(5) 6-0,Gaston Gaudio,David Nalbandian,0.23772146203627745,0,3.3333333333333335,1,0,0.48,25.0
556,Wimbledon,19800623,SF,115.2,6-2 4-6 6-2 6-0,Bjorn Borg,Brian Gottfried,0.23660049220672685,0,4.0,0,2,0.6956521739130435,0.0
557,Roland Garros,19690526,SF,140.08,4-6 6-0 6-2 6-4,Rod Laver,Tom Okker,0.23617049494120865,0,3.5,0,1,0.6956521739130435,0.0
558,Roland Garros,19690526,SF,115.36,7-5 6-2 6-2,Ken Rosewall,Tony Roche,0.2358242639686446,0,3.3333333333333335,1,0,0.6956521739130435,0.0
559,US Open,20060828,SF,101.0,6-1 7-5 6-4,Roger Federer,Nikolay Davydenko,0.23480102087321117,0,3.0,1,0,0.2727272727272727,11.0
560,US Open,20080825,F,111.0,6-2 7-5 6-2,Roger Federer,Andy Murray,0.2314688159693738,0,3.3333333333333335,1,0,0.4,15.0
561,US Open,19840828,F,97.5,6-3 6-4 6-1,John McEnroe,Ivan Lendl,0.23119512578616352,0,3.3333333333333335,0,0,0.6956521739130435,0.0
562,US Open,19780829,F,97.5,6-4 6-2 6-2,Jimmy Connors,Bjorn Borg,0.23119512578616352,0,3.3333333333333335,0,0,0.6956521739130435,0.0
563,Roland Garros,19970526,F,110.0,6-3 6-4 6-2,Gustavo Kuerten,Sergi Bruguera,0.23092729316683375,0,3.0,0,0,0.7407407407407407,27.0
564,Wimbledon,19690623,SF,136.8,2-6 6-2 9-7 6-0,Rod Laver,Arthur Ashe,0.230383100902379,0,4.0,1,1,0.6956521739130435,0.0
565,US Open,20140825,F,114.0,6-3 6-3 6-3,Marin Cilic,Kei Nishikori,0.2302057150669948,0,3.0,0,0,0.7,20.0
566,Australian Open,19890116,SF,105.0,7-5 6-2 6-2,Miloslav Mecir Sr.,Jan Gunnarsson,0.2295682253213016,0,3.3333333333333335,1,0,0.6956521739130435,0.0
567,US Open,19780829,SF,105.0,6-2 6-2 7-5,Jimmy Connors,John McEnroe,0.2295682253213016,0,3.3333333333333335,1,0,0.6956521739130435,0.0
568,Roland Garros,20020527,SF,128.0,6-3 6-2 6-4,Juan Carlos Ferrero,Marat Safin,0.2293387687156091,0,3.0,0,0,0.5789473684210527,19.0
569,Roland Garros,19920525,F,119.0,7-5 6-2 6-1,Jim Courier,Petr Korda,0.22873310865007754,0,3.6666666666666665,1,0,0.55,20.0
570,Roland Garros,19860526,F,111.24000000000001,6-3 6-2 6-4,Ivan Lendl,Mikael Pernfors,0.2282042657916325,0,3.0,0,0,0.6956521739130435,0.0
571,Roland Garros,19730521,SF,111.24000000000001,6-4 6-3 6-2,Nikola Pilic,Adriano Panatta,0.2282042657916325,0,3.0,0,0,0.6956521739130435,0.0
572,Roland Garros,19750604,SF,127.72,6-1 6-4 1-6 6-1,Guillermo Vilas,Eddie Dibbs,0.2281198386655729,0,4.25,0,2,0.6956521739130435,0.0
573,Australian Open,20190114,F,124.0,6-3 6-2 6-3,Novak Djokovic,Rafael Nadal,0.22735345911949686,0,3.3333333333333335,0,0,0.4444444444444444,9.0
574,Australian Open,19980119,SF,128.0,6-1 6-4 1-6 6-2,Petr Korda,Karol Kucera,0.22733237626469788,0,4.0,0,2,0.5,22.0
575,US Open,19700902,SF,100.8,6-2 7-6 6-1,Tony Roche,Cliff Richey,0.22703199343724365,0,3.3333333333333335,1,0,0.6956521739130435,0.0
576,Australian Open,19710307,F,100.8,6-1 7-5 6-3,Ken Rosewall,Arthur Ashe,0.22703199343724365,0,3.3333333333333335,1,0,0.6956521739130435,0.0
577,Australian Open,19851125,SF,100.8,7-5 6-1 6-3,Mats Wilander,Slobodan Zivojinovic,0.22703199343724365,0,3.3333333333333335,1,0,0.6956521739130435,0.0
578,Roland Garros,19960527,SF,107.0,7-6(4) 6-0 6-2,Yevgeny Kafelnikov,Pete Sampras,0.2263001710804008,0,3.6666666666666665,1,0,0.6153846153846154,13.0
579,Wimbledon,19970623,F,94.0,6-4 6-2 6-4,Pete Sampras,Cedric Pioline,0.22587412268708415,0,2.6666666666666665,0,0,0.5555555555555556,9.0
580,Australian Open,19990118,SF,102.0,6-3 7-5 6-1,Thomas Enqvist,Nicolas Lapentti,0.22552474706043205,0,3.3333333333333335,1,0,0.6666666666666666,27.0
581,US Open,20150831,SF,92.0,6-4 6-3 6-1,Roger Federer,Stan Wawrinka,0.2248090146750524,0,3.3333333333333335,0,0,0.6666666666666666,15.0
582,Wimbledon,19960624,F,94.0,6-3 6-4 6-3,Richard Krajicek,MaliVai Washington,0.22455788337084484,0,2.6666666666666665,0,0,0.5384615384615384,13.0
583,US Open,20010827,F,114.0,7-6(4) 6-1 6-1,Lleyton Hewitt,Pete Sampras,0.2240001859447635,0,3.6666666666666665,1,0,0.5333333333333333,15.0
584,Roland Garros,20180528,SF,134.0,6-4 6-1 6-2,Rafael Nadal,Juan Martin del Potro,0.22394312676601955,0,3.6666666666666665,0,0,0.6875,16.0
585,US Open,19900827,F,101.25,6-4 6-3 6-2,Pete Sampras,Andre Agassi,0.2221716570959803,0,3.0,0,0,0.6956521739130435,0.0
586,US Open,19870901,SF,97.5,6-4 6-2 6-2,Ivan Lendl,Jimmy Connors,0.22114316379546078,0,3.3333333333333335,0,0,0.6956521739130435,0.0
587,Australian Open,20230116,SF,140.0,7-5 6-1 6-2,Novak Djokovic,Tommy Paul,0.2206203491021785,0,3.6666666666666665,1,0,0.55,20.0
588,Roland Garros,19720522,F,135.96,4-6 6-3 6-1 6-1,Andres Gimeno,Patrick Proisy,0.22015360951599675,0,3.75,0,1,0.6956521739130435,0.0
589,Wimbledon,19750623,SF,97.2,6-4 6-1 6-4,Jimmy Connors,Roscoe Tanner,0.21972600492206726,0,3.0,0,0,0.6956521739130435,0.0
590,Wimbledon,19680624,F,97.2,6-3 6-4 6-2,Rod Laver,Tony Roche,0.21972600492206726,0,3.0,0,0,0.6956521739130435,0.0
591,Wimbledon,19870622,SF,97.2,6-4 6-4 6-1,Pat Cash,Jimmy Connors,0.21972600492206726,0,3.0,0,0,0.6956521739130435,0.0
592,US Open,20100830,SF,133.0,6-2 6-3 6-4,Rafael Nadal,Mikhail Youzhny,0.21857914501868564,0,3.0,0,0,0.4,10.0
593,US Open,19930830,SF,101.25,6-4 6-3 6-2,Pete Sampras,Alexander Volkov,0.21760643970467597,0,3.0,0,0,0.6363636363636364,11.0
594,Roland Garros,19880523,F,111.24000000000001,7-5 6-2 6-1,Mats Wilander,Henri Leconte,0.21446841673502876,0,3.6666666666666665,1,0,0.6956521739130435,0.0
595,Roland Garros,19960527,SF,96.0,6-3 6-4 6-2,Michael Stich,Marc Rosset,0.21443614984960352,0,3.0,0,0,0.6363636363636364,11.0
596,US Open,20170828,SF,150.0,4-6 6-0 6-3 6-2,Rafael Nadal,Juan Martin del Potro,0.21401375444353296,0,3.75,0,1,0.5333333333333333,15.0
597,Roland Garros,19870525,SF,103.0,6-4 6-1 6-2,Mats Wilander,Boris Becker,0.21331645702306082,0,3.6666666666666665,0,0,0.6956521739130435,0.0
598,Roland Garros,19800526,F,103.0,6-4 6-1 6-2,Bjorn Borg,Vitas Gerulaitis,0.21331645702306082,0,3.6666666666666665,0,0,0.6956521739130435,0.0
599,US Open,19760901,SF,103.0,6-4 6-2 6-1,Jimmy Connors,Guillermo Vilas,0.21331645702306082,0,3.6666666666666665,0,0,0.6956521739130435,0.0
600,Roland Garros,20170529,SF,127.0,6-3 6-4 6-0,Rafael Nadal,Dominic Thiem,0.2128232294230244,0,3.6666666666666665,0,0,0.6111111111111112,18.0
601,Wimbledon,20170703,F,101.0,6-3 6-1 6-4,Roger Federer,Marin Cilic,0.21074630389207913,0,3.3333333333333335,0,0,0.5454545454545454,11.0
602,Wimbledon,19700622,SF,104.4,6-3 8-6 6-0,John Newcombe,Andres Gimeno,0.21033798195242004,0,3.6666666666666665,1,0,0.6956521739130435,0.0
603,US Open,20090831,SF,140.0,6-2 6-2 6-2,Juan Martin del Potro,Rafael Nadal,0.20944266703126427,0,4.0,0,0,0.7142857142857143,21.0
604,Roland Garros,19730521,SF,107.12,6-3 6-4 6-1,Ilie Nastase,Tom Gorman,0.2068484185580166,0,3.3333333333333335,0,0,0.6956521739130435,0.0
605,Roland Garros,19780529,SF,107.12,6-3 6-3 6-2,Guillermo Vilas,Dick Stockton,0.2068484185580166,0,3.3333333333333335,0,0,0.6956521739130435,0.0
606,Roland Garros,20000529,SF,117.0,6-1 6-4 6-3,Magnus Norman,Franco Squillari,0.20630494029714705,0,3.3333333333333335,0,0,0.6111111111111112,18.0
607,Roland Garros,19950529,SF,107.12,6-4 6-0 6-4,Thomas Muster,Yevgeny Kafelnikov,0.20625596572782798,0,3.3333333333333335,0,0,0.4444444444444444,9.0
608,Wimbledon,19790625,SF,90.0,6-2 6-3 6-2,Bjorn Borg,Jimmy Connors,0.20428867924528302,0,3.6666666666666665,0,0,0.6956521739130435,0.0
609,Wimbledon,19780626,F,90.0,6-2 6-2 6-3,Bjorn Borg,Jimmy Connors,0.20428867924528302,0,3.6666666666666665,0,0,0.6956521739130435,0.0
610,Wimbledon,19960624,SF,100.0,7-5 6-2 6-1,Richard Krajicek,Jason Stoltenberg,0.20274733867756622,0,3.6666666666666665,1,0,0.631578947368421,19.0
611,US Open,19910826,SF,125.0,6-3 6-3 6-2,Jim Courier,Jimmy Connors,0.2025803026159876,0,3.3333333333333335,0,0,0.5,22.0
612,Wimbledon,19920622,SF,111.0,6-4 6-2 6-3,Andre Agassi,John McEnroe,0.20199412086409624,0,3.0,0,0,0.35714285714285715,14.0
613,US Open,19910826,F,124.0,6-2 6-4 6-0,Stefan Edberg,Jim Courier,0.20189873597237637,0,4.0,0,0,0.6470588235294118,17.0
614,Australian Open,20210208,SF,113.0,6-3 6-4 6-2,Novak Djokovic,Aslan Karatsev,0.20136851699936195,0,3.0,0,0,0.3333333333333333,12.0
615,Wimbledon,19820621,SF,93.60000000000001,6-4 6-3 6-1,Jimmy Connors,Mark Edmondson,0.19868416735028713,0,3.3333333333333335,0,0,0.6956521739130435,0.0
616,Australian Open,19821202,F,93.60000000000001,6-3 6-3 6-2,Johan Kriek,Steve Denton,0.19868416735028713,0,3.3333333333333335,0,0,0.6956521739130435,0.0
617,Australian Open,20010115,F,106.0,6-4 6-2 6-2,Andre Agassi,Arnaud Clement,0.1966068726642968,0,3.3333333333333335,0,0,0.5714285714285714,21.0
618,Roland Garros,20230529,SF,129.0,6-3 6-4 6-0,Casper Ruud,Alexander Zverev,0.19625941597225222,0,3.6666666666666665,0,0,0.631578947368421,19.0
619,Roland Garros,20170529,F,125.0,6-2 6-3 6-1,Rafael Nadal,Stan Wawrinka,0.19589612159329142,0,4.0,0,0,0.5714285714285714,14.0
620,US Open,19960826,SF,93.75,6-3 6-2 6-2,Michael Chang,Andre Agassi,0.1954424323215751,0,3.6666666666666665,0,0,0.6666666666666666,15.0
621,Roland Garros,19920525,SF,123.0,6-3 6-2 6-2,Jim Courier,Andre Agassi,0.1913892640037021,0,3.6666666666666665,0,0,0.6153846153846154,13.0
622,US Open,20040830,F,109.0,6-0 7-6(3) 6-0,Roger Federer,Lleyton Hewitt,0.19135268674831737,0,4.333333333333333,1,0,0.5789473684210527,19.0
623,Roland Garros,19850527,SF,98.88,6-2 6-3 6-1,Ivan Lendl,Jimmy Connors,0.1887572327044025,0,4.0,0,0,0.6956521739130435,0.0
624,Roland Garros,20220523,F,138.0,6-3 6-3 6-0,Rafael Nadal,Casper Ruud,0.1877352172473843,0,4.0,0,0,0.47368421052631576,19.0
625,Roland Garros,19940523,SF,107.12,6-3 6-4 6-1,Alberto Berasategui,Magnus Larsson,0.1875054233889345,0,3.3333333333333335,0,0,0.4444444444444444,9.0
626,Roland Garros,19680527,SF,103.0,6-3 6-3 6-1,Rod Laver,Richard Pancho Gonzales,0.18549257132440072,0,3.6666666666666665,0,0,0.6956521739130435,0.0
627,Roland Garros,20030526,F,129.0,6-1 6-3 6-2,Juan Carlos Ferrero,Martin Verkerk,0.1820676048042742,0,4.0,0,0,0.6923076923076923,26.0
628,Roland Garros,20160523,SF,108.0,6-2 6-1 6-4,Novak Djokovic,Dominic Thiem,0.18024079525165276,0,3.6666666666666665,0,0,0.5882352941176471,17.0
629,US Open,19830830,SF,93.75,6-2 6-3 6-2,Jimmy Connors,Bill Scanlon,0.1799068225321302,0,3.6666666666666665,0,0,0.6956521739130435,0.0
630,Australian Open,19900115,SF,93.75,6-4 6-1 6-2,Ivan Lendl,Yannick Noah,0.1799068225321302,0,3.6666666666666665,0,0,0.6956521739130435,0.0
631,Australian Open,20080114,SF,116.0,6-2 6-3 6-2,Jo-Wilfried Tsonga,Rafael Nadal,0.17827759547899008,0,3.6666666666666665,0,0,0.5,10.0
632,Australian Open-2,19771219,SF,90.0,6-1 6-2 6-4,Vitas Gerulaitis,John Alexander,0.177642329778507,0,3.6666666666666665,0,0,0.6956521739130435,0.0
633,Australian Open,20100118,SF,88.0,6-2 6-3 6-2,Roger Federer,Jo-Wilfried Tsonga,0.17750632121046397,0,3.6666666666666665,0,0,0.5,10.0
634,Wimbledon,20020624,F,116.0,6-1 6-3 6-2,Lleyton Hewitt,David Nalbandian,0.17224300428402153,0,4.0,0,0,0.6666666666666666,30.0
635,US Open,19990830,SF,95.0,6-4 6-1 6-2,Todd Martin,Cedric Pioline,0.1681631027253669,0,3.6666666666666665,0,0,0.5333333333333333,15.0
636,Australian Open,20030113,SF,88.0,6-2 6-2 6-3,Andre Agassi,Wayne Ferreira,0.1668693829186036,0,3.6666666666666665,0,0,0.5714285714285714,14.0
637,Roland Garros,19780529,F,94.76,6-1 6-1 6-3,Bjorn Borg,Guillermo Vilas,0.16419800838574428,0,4.333333333333333,0,0,0.6956521739130435,0.0
638,Roland Garros,19700525,F,98.88,6-2 6-4 6-0,Jan Kodes,Zeljko Franulovic,0.1641367240907848,0,4.0,0,0,0.6956521739130435,0.0
639,Roland Garros,19730521,F,98.88,6-3 6-3 6-0,Ilie Nastase,Nikola Pilic,0.1641367240907848,0,4.0,0,0,0.6956521739130435,0.0
640,Australian Open,20000117,SF,90.0,6-1 6-2 6-4,Yevgeny Kafelnikov,Magnus Norman,0.15961557392566417,0,3.6666666666666665,0,0,0.46153846153846156,13.0
641,Australian Open,19980119,F,85.0,6-2 6-2 6-2,Petr Korda,Marcelo Rios,0.15946440616169905,0,4.0,0,0,0.5555555555555556,18.0
642,US Open,19860826,F,90.0,6-4 6-2 6-0,Ivan Lendl,Miloslav Mecir Sr.,0.1587744052502051,0,4.0,0,0,0.6956521739130435,0.0
643,Australian Open,19890116,F,90.0,6-2 6-2 6-2,Ivan Lendl,Miloslav Mecir Sr.,0.1587744052502051,0,4.0,0,0,0.6956521739130435,0.0
644,Roland Garros,19770523,SF,94.76,6-2 6-0 6-3,Guillermo Vilas,Raul Ramirez,0.15705896454288584,0,4.333333333333333,0,0,0.6956521739130435,0.0
645,Wimbledon,19820621,SF,86.4,6-3 6-1 6-2,John McEnroe,Tim Mayotte,0.15660049220672684,0,4.0,0,0,0.6956521739130435,0.0
646,Wimbledon,19830620,F,86.4,6-2 6-2 6-2,John McEnroe,Chris Lewis,0.15660049220672684,0,4.0,0,0,0.6956521739130435,0.0
647,Australian Open,19781225,SF,86.4,6-2 6-0 6-4,Guillermo Vilas,Henry Pfister,0.15660049220672684,0,4.0,0,0,0.6956521739130435,0.0
648,Australian Open-2,19771219,SF,86.4,6-4 6-2 6-0,John Lloyd,Bob Giltinan,0.15660049220672684,0,4.0,0,0,0.6956521739130435,0.0
649,Wimbledon,19740624,F,86.4,6-1 6-1 6-4,Jimmy Connors,Ken Rosewall,0.15660049220672684,0,4.0,0,0,0.6956521739130435,0.0
650,Australian Open,20190114,SF,106.0,6-2 6-4 6-0,Rafael Nadal,Stefanos Tsitsipas,0.15337102360769303,0,4.0,0,0,0.5,12.0
651,Australian Open,19960115,SF,90.0,6-4 6-2 6-0,Boris Becker,Mark Woodforde,0.1528758545255674,0,4.0,0,0,0.6190476190476191,21.0
652,Australian Open,19970113,F,86.0,6-2 6-3 6-3,Pete Sampras,Carlos Moya,0.15015457797830645,0,3.3333333333333335,0,0,0.125,8.0
653,Wimbledon,19850624,SF,82.8,6-2 6-2 6-1,Kevin Curren,Jimmy Connors,0.1491145200984414,0,4.333333333333333,0,0,0.6956521739130435,0.0
654,Roland Garros,19930524,SF,90.0,6-0 6-4 6-2,Sergi Bruguera,Andrei Medvedev,0.14370918785890074,0,4.0,0,0,0.5,12.0
655,Australian Open,19980119,SF,84.0,6-1 6-3 6-2,Marcelo Rios,Nicolas Escude,0.14358599945310366,0,4.0,0,0,0.5454545454545454,22.0
656,Roland Garros,20120527,SF,106.0,6-2 6-2 6-1,Rafael Nadal,David Ferrer,0.14089507565399695,0,4.333333333333333,0,0,0.4166666666666667,12.0
657,Roland Garros,20080525,F,108.0,6-1 6-3 6-0,Rafael Nadal,Roger Federer,0.1406943396226415,0,4.666666666666667,0,0,0.5714285714285714,21.0
658,Wimbledon,19710621,SF,82.8,6-1 6-1 6-3,John Newcombe,Ken Rosewall,0.1355586546349467,0,4.333333333333333,0,0,0.6956521739130435,0.0
659,Roland Garros,19800526,SF,90.64,6-2 6-2 6-0,Bjorn Borg,Harold Solomon,0.1335675325859083,0,4.666666666666667,0,0,0.6956521739130435,0.0
660,Wimbledon,19840625,F,79.2,6-1 6-1 6-2,John McEnroe,Jimmy Connors,0.13169433962264152,0,4.666666666666667,0,0,0.6956521739130435,0.0
661,Roland Garros,20140526,SF,100.0,6-3 6-2 6-1,Rafael Nadal,Andy Murray,0.12237261872208552,0,4.0,0,0,0.0,6.0
662,Australian Open,20070115,SF,91.0,6-1 6-3 6-1,Fernando Gonzalez,Tommy Haas,0.11902846139823173,0,4.333333333333333,0,0,0.4166666666666667,12.0
663,Australian Open,19900115,SF,82.5,6-1 6-1 6-2,Stefan Edberg,Mats Wilander,0.11650957068635494,0,4.666666666666667,0,0,0.6956521739130435,0.0
664,Roland Garros,19790528,SF,86.52,6-2 6-1 6-0,Bjorn Borg,Vitas Gerulaitis,0.11507955974842769,0,5.0,0,0,0.6956521739130435,0.0
665,Roland Garros,19770523,F,86.52,6-0 6-3 6-0,Guillermo Vilas,Brian Gottfried,0.11507955974842769,0,5.0,0,0,0.6956521739130435,0.0
666,Australian Open,20070115,SF,83.0,6-4 6-0 6-2,Roger Federer,Andy Roddick,0.11108034819068455,0,4.0,0,0,0.0,8.0
667,Australian Open,20030113,F,76.0,6-2 6-2 6-1,Andre Agassi,Rainer Schuettler,0.10538715705040565,0,4.333333333333333,0,0,0.35714285714285715,14.0
668,Roland Garros,19860526,SF,86.52,6-2 6-1 6-0,Ivan Lendl,Johan Kriek,0.10006918238993713,0,5.0,0,0,0.6956521739130435,0.0
669,Roland Garros,19830523,SF,86.52,6-3 6-0 6-0,Yannick Noah,Christophe Roger-Vasselin,0.10006918238993713,0,5.0,0,0,0.6956521739130435,0.0
670,US Open,20010827,SF,83.0,6-1 6-2 6-1,Lleyton Hewitt,Yevgeny Kafelnikov,0.09982091422842039,0,4.666666666666667,0,0,0.35714285714285715,14.0
671,Australian Open,20130114,SF,89.0,6-2 6-2 6-1,Novak Djokovic,David Ferrer,0.09859800838574426,0,4.333333333333333,0,0,0.0,7.0
672,Australian Open,20190114,SF,83.0,6-0 6-2 6-2,Novak Djokovic,Lucas Pouille,0.09532961899553369,0,4.666666666666667,0,0,0.4166666666666667,12.0
673,Australian Open,19841126,SF,75.60000000000001,6-1 6-0 6-2,Mats Wilander,Johan Kriek,0.0934749794913864,0,5.0,0,0,0.6956521739130435,0.0
674,US Open,20150831,SF,85.0,6-0 6-1 6-2,Novak Djokovic,Marin Cilic,0.08402469966274725,0,5.0,0,0,0.4,15.0
675,US Open,19740828,F,72.0,6-1 6-0 6-1,Jimmy Connors,Ken Rosewall,0.0796764561115669,0,5.333333333333333,0,0,0.6956521739130435,0.0
676,Wimbledon,20060626,SF,77.0,6-2 6-0 6-2,Roger Federer,Jonas Bjorkman,0.07673420836751435,0,4.666666666666667,0,0,0.2222222222222222,9.0
677,Roland Garros,19780529,SF,78.28,6-0 6-1 6-0,Bjorn Borg,Corrado Barazzutti,0.06309323671497585,0,5.666666666666667,0,0,0.6956521739130435,0.0
